,date,OPEN,HIGH,LOW,CLOSE,PCT_CHG,NAV,NAV_ACC,NAV_ADJ
0,2015-12-02,,,,1.0,,1.0,1.0,1.0
1,2015-12-03,,,,1.0,,1.0,1.0,1.0
2,2015-12-04,,,,1.0,,1.0,1.0,1.0
3,2015-12-07,,,,1.0,,1.0,1.0,1.0
4,2015-12-08,,,,1.0,,1.0,1.0,1.0
5,2015-12-09,,,,1.0,,1.0,1.0,1.0
6,2015-12-10,,,,1.0,,1.0,1.0,1.0
7,2015-12-11,,,,0.9990000000000001,,0.9990000000000001,0.9990000000000001,0.9990000000000001
8,2015-12-14,,,,0.9990000000000001,,0.9990000000000001,0.9990000000000001,0.9990000000000001
9,2015-12-15,,,,0.9990000000000001,,0.9990000000000001,0.9990000000000001,0.9990000000000001
10,2015-12-16,,,,0.9990000000000001,,0.9990000000000001,0.9990000000000001,0.9990000000000001
11,2015-12-17,,,,0.9990000000000001,,0.9990000000000001,0.9990000000000001,0.9990000000000001
12,2015-12-18,,,,1.005,,1.005,1.005,1.005
13,2015-12-21,,,,1.005,,1.005,1.005,1.005
14,2015-12-22,,,,1.005,,1.005,1.005,1.005
15,2015-12-23,,,,1.005,,1.005,1.005,1.005
16,2015-12-24,,,,1.005,,1.005,1.005,1.005
17,2015-12-25,,,,1.006,,1.006,1.006,1.006
18,2015-12-28,,,,1.006,,1.006,1.006,1.006
19,2015-12-29,,,,1.006,,1.006,1.006,1.006
20,2015-12-30,,,,1.006,,1.006,1.006,1.006
21,2015-12-31,,,,1.006,,1.006,1.006,1.006
22,2016-01-04,,,,1.006,,1.006,1.006,1.006
23,2016-01-05,,,,1.006,,1.006,1.006,1.006
24,2016-01-06,,,,1.006,,1.006,1.006,1.006
25,2016-01-07,,,,1.006,,1.006,1.006,1.006
26,2016-01-08,,,,0.95,,0.95,0.95,0.95
27,2016-01-11,,,,0.95,,0.95,0.95,0.95
28,2016-01-12,,,,0.95,,0.95,0.95,0.95
29,2016-01-13,,,,0.922,,0.922,0.922,0.922
30,2016-01-14,,,,0.922,,0.922,0.922,0.922
31,2016-01-15,,,,0.9259999999999999,,0.9259999999999999,0.9259999999999999,0.9259999999999999
32,2016-01-18,,,,0.9259999999999999,,0.9259999999999999,0.9259999999999999,0.9259999999999999
33,2016-01-19,,,,0.9259999999999999,,0.9259999999999999,0.9259999999999999,0.9259999999999999
34,2016-01-20,,,,0.9259999999999999,,0.9259999999999999,0.9259999999999999,0.9259999999999999
35,2016-01-21,,,,0.9259999999999999,,0.9259999999999999,0.9259999999999999,0.9259999999999999
36,2016-01-22,,,,0.9229999999999999,,0.9229999999999999,0.9229999999999999,0.9229999999999999
37,2016-01-25,,,,0.9229999999999999,,0.9229999999999999,0.9229999999999999,0.9229999999999999
38,2016-01-26,,,,0.9229999999999999,,0.9229999999999999,0.9229999999999999,0.9229999999999999
39,2016-01-27,,,,0.9229999999999999,,0.9229999999999999,0.9229999999999999,0.9229999999999999
40,2016-01-28,,,,0.9229999999999999,,0.9229999999999999,0.9229999999999999,0.9229999999999999
41,2016-01-29,,,,0.9079999999999999,,0.9079999999999999,0.9079999999999999,0.9079999999999999
42,2016-02-01,,,,0.9079999999999999,,0.9079999999999999,0.9079999999999999,0.9079999999999999
43,2016-02-02,,,,0.9079999999999999,,0.9079999999999999,0.9079999999999999,0.9079999999999999
44,2016-02-03,,,,0.9079999999999999,,0.9079999999999999,0.9079999999999999,0.9079999999999999
45,2016-02-04,,,,0.9079999999999999,,0.9079999999999999,0.9079999999999999,0.9079999999999999
46,2016-02-05,,,,0.9209999999999999,,0.9209999999999999,0.9209999999999999,0.9209999999999999
47,2016-02-15,,,,0.9209999999999999,,0.9209999999999999,0.9209999999999999,0.9209999999999999
48,2016-02-16,,,,0.9209999999999999,,0.9209999999999999,0.9209999999999999,0.9209999999999999
49,2016-02-17,,,,0.9209999999999999,,0.9209999999999999,0.9209999999999999,0.9209999999999999
50,2016-02-18,,,,0.9209999999999999,,0.9209999999999999,0.9209999999999999,0.9209999999999999
51,2016-02-19,,,,0.9420000000000001,,0.9420000000000001,0.9420000000000001,0.9420000000000001
52,2016-02-22,,,,0.948,,0.948,0.948,0.948
53,2016-02-23,,,,0.94,,0.94,0.94,0.94
54,2016-02-24,,,,0.935,,0.935,0.935,0.935
55,2016-02-25,,,,0.9059999999999999,,0.9059999999999999,0.9059999999999999,0.9059999999999999
56,2016-02-26,,,,0.905,,0.905,0.905,0.905
57,2016-02-29,,,,0.877,,0.877,0.877,0.877
58,2016-03-01,,,,0.88,,0.88,0.88,0.88
59,2016-03-02,,,,0.897,,0.897,0.897,0.897
60,2016-03-03,,,,0.895,,0.895,0.895,0.895
61,2016-03-04,,,,0.8759999999999999,,0.8759999999999999,0.8759999999999999,0.8759999999999999
62,2016-03-07,,,,0.883,,0.883,0.883,0.883
63,2016-03-08,,,,0.8909999999999999,,0.8909999999999999,0.8909999999999999,0.8909999999999999
64,2016-03-09,,,,0.887,,0.887,0.887,0.887
65,2016-03-10,,,,0.8809999999999999,,0.8809999999999999,0.8809999999999999,0.8809999999999999
66,2016-03-11,,,,0.879,,0.879,0.879,0.879
67,2016-03-14,,,,0.8959999999999999,,0.8959999999999999,0.8959999999999999,0.8959999999999999
68,2016-03-15,,,,0.894,,0.894,0.894,0.894
69,2016-03-16,,,,0.8909999999999999,,0.8909999999999999,0.8909999999999999,0.8909999999999999
70,2016-03-17,,,,0.9109999999999999,,0.9109999999999999,0.9109999999999999,0.9109999999999999
71,2016-03-18,,,,0.93,,0.93,0.93,0.93
72,2016-03-21,,,,0.9359999999999999,,0.9359999999999999,0.9359999999999999,0.9359999999999999
73,2016-03-22,,,,0.932,,0.932,0.932,0.932
74,2016-03-23,,,,0.935,,0.935,0.935,0.935
75,2016-03-24,,,,0.9259999999999999,,0.9259999999999999,0.9259999999999999,0.9259999999999999
76,2016-03-25,,,,0.929,,0.929,0.929,0.929
77,2016-03-28,,,,0.9279999999999999,,0.9279999999999999,0.9279999999999999,0.9279999999999999
78,2016-03-29,,,,0.9179999999999999,,0.9179999999999999,0.9179999999999999,0.9179999999999999
79,2016-03-30,,,,0.9309999999999999,,0.9309999999999999,0.9309999999999999,0.9309999999999999
80,2016-03-31,,,,0.929,,0.929,0.929,0.929
81,2016-04-01,,,,0.927,,0.927,0.927,0.927
82,2016-04-05,,,,0.937,,0.937,0.937,0.937
83,2016-04-06,,,,0.943,,0.943,0.943,0.943
84,2016-04-07,,,,0.9359999999999999,,0.9359999999999999,0.9359999999999999,0.9359999999999999
85,2016-04-08,,,,0.929,,0.929,0.929,0.929
86,2016-04-11,,,,0.945,,0.945,0.945,0.945
87,2016-04-12,,,,0.9420000000000001,,0.9420000000000001,0.9420000000000001,0.9420000000000001
88,2016-04-13,,,,0.951,,0.951,0.951,0.951
89,2016-04-14,,,,0.9590000000000001,,0.9590000000000001,0.9590000000000001,0.9590000000000001
90,2016-04-15,,,,0.956,,0.956,0.956,0.956
91,2016-04-18,,,,0.9420000000000001,,0.9420000000000001,0.9420000000000001,0.9420000000000001
92,2016-04-19,,,,0.943,,0.943,0.943,0.943
93,2016-04-20,,,,0.917,,0.917,0.917,0.917
94,2016-04-21,,,,0.9079999999999999,,0.9079999999999999,0.9079999999999999,0.9079999999999999
95,2016-04-22,,,,0.914,,0.914,0.914,0.914
96,2016-04-25,,,,0.9109999999999999,,0.9109999999999999,0.9109999999999999,0.9109999999999999
97,2016-04-26,,,,0.919,,0.919,0.919,0.919
98,2016-04-27,,,,0.917,,0.917,0.917,0.917
99,2016-04-28,,,,0.9159999999999999,,0.9159999999999999,0.9159999999999999,0.9159999999999999
100,2016-04-29,,,,0.922,,0.922,0.922,0.922
101,2016-05-03,,,,0.9359999999999999,,0.9359999999999999,0.9359999999999999,0.9359999999999999
102,2016-05-04,,,,0.9359999999999999,,0.9359999999999999,0.9359999999999999,0.9359999999999999
103,2016-05-05,,,,0.935,,0.935,0.935,0.935
104,2016-05-06,,,,0.914,,0.914,0.914,0.914
105,2016-05-09,,,,0.895,,0.895,0.895,0.895
106,2016-05-10,,,,0.899,,0.899,0.899,0.899
107,2016-05-11,,,,0.89,,0.89,0.89,0.89
108,2016-05-12,,,,0.895,,0.895,0.895,0.895
109,2016-05-13,,,,0.889,,0.889,0.889,0.889
110,2016-05-16,,,,0.902,,0.902,0.902,0.902
111,2016-05-17,,,,0.897,,0.897,0.897,0.897
112,2016-05-18,,,,0.879,,0.879,0.879,0.879
113,2016-05-19,,,,0.884,,0.884,0.884,0.884
114,2016-05-20,,,,0.89,,0.89,0.89,0.89
115,2016-05-23,,,,0.909,,0.909,0.909,0.909
116,2016-05-24,,,,0.9009999999999999,,0.9009999999999999,0.9009999999999999,0.9009999999999999
117,2016-05-25,,,,0.9009999999999999,,0.9009999999999999,0.9009999999999999,0.9009999999999999
118,2016-05-26,,,,0.9009999999999999,,0.9009999999999999,0.9009999999999999,0.9009999999999999
119,2016-05-27,,,,0.898,,0.898,0.898,0.898
120,2016-05-30,,,,0.894,,0.894,0.894,0.894
121,2016-05-31,,,,0.927,,0.927,0.927,0.927
122,2016-06-01,,,,0.9359999999999999,,0.9359999999999999,0.9359999999999999,0.9359999999999999
123,2016-06-02,,,,0.938,,0.938,0.938,0.938
124,2016-06-03,,,,0.9490000000000001,,0.9490000000000001,0.9490000000000001,0.9490000000000001
125,2016-06-06,,,,0.9590000000000001,,0.9590000000000001,0.9590000000000001,0.9590000000000001
126,2016-06-07,,,,0.958,,0.958,0.958,0.958
127,2016-06-08,,,,0.958,,0.958,0.958,0.958
128,2016-06-13,,,,0.915,,0.915,0.915,0.915
129,2016-06-14,,,,0.9209999999999999,,0.9209999999999999,0.9209999999999999,0.9209999999999999
130,2016-06-15,,,,0.951,,0.951,0.951,0.951
131,2016-06-16,,,,0.948,,0.948,0.948,0.948
132,2016-06-17,,,,0.9520000000000001,,0.9520000000000001,0.9520000000000001,0.9520000000000001
133,2016-06-20,,,,0.958,,0.958,0.958,0.958
134,2016-06-21,,,,0.951,,0.951,0.951,0.951
135,2016-06-22,,,,0.965,,0.965,0.965,0.965
136,2016-06-23,,,,0.961,,0.961,0.961,0.961
137,2016-06-24,,,,0.951,,0.951,0.951,0.951
138,2016-06-27,,,,0.968,,0.968,0.968,0.968
139,2016-06-28,,,,0.977,,0.977,0.977,0.977
140,2016-06-29,,,,0.9740000000000001,,0.9740000000000001,0.9740000000000001,0.9740000000000001
141,2016-06-30,,,,0.977,,0.977,0.977,0.977
142,2016-07-01,,,,0.971,,0.971,0.971,0.971
143,2016-07-04,,,,0.985,,0.985,0.985,0.985
144,2016-07-05,,,,0.982,,0.982,0.982,0.982
145,2016-07-06,,,,0.987,,0.987,0.987,0.987
146,2016-07-07,,,,0.986,,0.986,0.986,0.986
147,2016-07-08,,,,0.981,,0.981,0.981,0.981
148,2016-07-11,,,,0.982,,0.982,0.982,0.982
149,2016-07-12,,,,0.99,,0.99,0.99,0.99
150,2016-07-13,,,,1.001,,1.001,1.001,1.001
151,2016-07-14,,,,1.001,,1.001,1.001,1.001
152,2016-07-15,,,,0.997,,0.997,0.997,0.997
153,2016-07-18,,,,0.991,,0.991,0.991,0.991
154,2016-07-19,,,,0.993,,0.993,0.993,0.993
155,2016-07-20,,,,0.995,,0.995,0.995,0.995
156,2016-07-21,,,,0.9940000000000001,,0.9940000000000001,0.9940000000000001,0.9940000000000001
157,2016-07-22,,,,0.985,,0.985,0.985,0.985
158,2016-07-25,,,,0.983,,0.983,0.983,0.983
159,2016-07-26,,,,0.9940000000000001,,0.9940000000000001,0.9940000000000001,0.9940000000000001
160,2016-07-27,,,,0.9620000000000001,,0.9620000000000001,0.9620000000000001,0.9620000000000001
161,2016-07-28,,,,0.958,,0.958,0.958,0.958
162,2016-07-29,,,,0.958,,0.958,0.958,0.958
163,2016-08-01,,,,0.9470000000000001,,0.9470000000000001,0.9470000000000001,0.9470000000000001
164,2016-08-02,,,,0.9540000000000001,,0.9540000000000001,0.9540000000000001,0.9540000000000001
165,2016-08-03,,,,0.9570000000000001,,0.9570000000000001,0.9570000000000001,0.9570000000000001
166,2016-08-04,,,,0.9620000000000001,,0.9620000000000001,0.9620000000000001,0.9620000000000001
167,2016-08-05,,,,0.9570000000000001,,0.9570000000000001,0.9570000000000001,0.9570000000000001
168,2016-08-08,,,,0.9640000000000001,,0.9640000000000001,0.9640000000000001,0.9640000000000001
169,2016-08-09,,,,0.972,,0.972,0.972,0.972
170,2016-08-10,,,,0.965,,0.965,0.965,0.965
171,2016-08-11,,,,0.953,,0.953,0.953,0.953
172,2016-08-12,,,,0.955,,0.955,0.955,0.955
173,2016-08-15,,,,0.975,,0.975,0.975,0.975
174,2016-08-16,,,,0.975,,0.975,0.975,0.975
175,2016-08-17,,,,0.9790000000000001,,0.9790000000000001,0.9790000000000001,0.9790000000000001
176,2016-08-18,,,,0.977,,0.977,0.977,0.977
177,2016-08-19,,,,0.975,,0.975,0.975,0.975
178,2016-08-22,,,,0.963,,0.963,0.963,0.963
179,2016-08-23,,,,0.965,,0.965,0.965,0.965
180,2016-08-24,,,,0.97,,0.97,0.97,0.97
181,2016-08-25,,,,0.9690000000000001,,0.9690000000000001,0.9690000000000001,0.9690000000000001
182,2016-08-26,,,,0.975,,0.975,0.975,0.975
183,2016-08-29,,,,0.972,,0.972,0.972,0.972
184,2016-08-30,,,,0.97,,0.97,0.97,0.97
185,2016-08-31,,,,0.9690000000000001,,0.9690000000000001,0.9690000000000001,0.9690000000000001
186,2016-09-01,,,,0.963,,0.963,0.963,0.963
187,2016-09-02,,,,0.961,,0.961,0.961,0.961
188,2016-09-05,,,,0.9690000000000001,,0.9690000000000001,0.9690000000000001,0.9690000000000001
189,2016-09-06,,,,0.983,,0.983,0.983,0.983
190,2016-09-07,,,,0.9840000000000001,,0.9840000000000001,0.9840000000000001,0.9840000000000001
191,2016-09-08,,,,0.9840000000000001,,0.9840000000000001,0.9840000000000001,0.9840000000000001
192,2016-09-09,,,,0.98,,0.98,0.98,0.98
193,2016-09-12,,,,0.9590000000000001,,0.9590000000000001,0.9590000000000001,0.9590000000000001
194,2016-09-13,,,,0.9620000000000001,,0.9620000000000001,0.9620000000000001,0.9620000000000001
195,2016-09-14,,,,0.96,,0.96,0.96,0.96
196,2016-09-19,,,,0.975,,0.975,0.975,0.975
197,2016-09-20,,,,0.977,,0.977,0.977,0.977
198,2016-09-21,,,,0.981,,0.981,0.981,0.981
199,2016-09-22,,,,0.986,,0.986,0.986,0.986
200,2016-09-23,,,,0.981,,0.981,0.981,0.981
201,2016-09-26,,,,0.9670000000000001,,0.9670000000000001,0.9670000000000001,0.9670000000000001
202,2016-09-27,,,,0.976,,0.976,0.976,0.976
203,2016-09-28,,,,0.975,,0.975,0.975,0.975
204,2016-09-29,,,,0.977,,0.977,0.977,0.977
205,2016-09-30,,,,0.982,,0.982,0.982,0.982
206,2016-10-10,,,,0.998,,0.998,0.998,0.998
207,2016-10-11,,,,0.998,,0.998,0.998,0.998
208,2016-10-12,,,,0.998,,0.998,0.998,0.998
209,2016-10-13,,,,0.9940000000000001,,0.9940000000000001,0.9940000000000001,0.9940000000000001
210,2016-10-14,,,,0.99,,0.99,0.99,0.99
211,2016-10-17,,,,0.978,,0.978,0.978,0.978
212,2016-10-18,,,,0.988,,0.988,0.988,0.988
213,2016-10-19,,,,0.987,,0.987,0.987,0.987
214,2016-10-20,,,,0.986,,0.986,0.986,0.986
215,2016-10-21,,,,0.9790000000000001,,0.9790000000000001,0.9790000000000001,0.9790000000000001
216,2016-10-24,,,,0.988,,0.988,0.988,0.988
217,2016-10-25,,,,0.99,,0.99,0.99,0.99
218,2016-10-26,,,,0.985,,0.985,0.985,0.985
219,2016-10-27,,,,0.985,,0.985,0.985,0.985
220,2016-10-28,,,,0.975,,0.975,0.975,0.975
221,2016-10-31,,,,0.9740000000000001,,0.9740000000000001,0.9740000000000001,0.9740000000000001
222,2016-11-01,,,,0.981,,0.981,0.981,0.981
223,2016-11-02,,,,0.98,,0.98,0.98,0.98
224,2016-11-03,,,,0.982,,0.982,0.982,0.982
225,2016-11-04,,,,0.9890000000000001,,0.9890000000000001,0.9890000000000001,0.9890000000000001
226,2016-11-07,,,,0.99,,0.99,0.99,0.99
227,2016-11-08,,,,0.998,,0.998,0.998,0.998
228,2016-11-09,,,,0.991,,0.991,0.991,0.991
229,2016-11-10,,,,1.003,,1.003,1.003,1.003
230,2016-11-11,,,,0.997,,0.997,0.997,0.997
231,2016-11-14,,,,0.993,,0.993,0.993,0.993
232,2016-11-15,,,,0.9990000000000001,,0.9990000000000001,0.9990000000000001,0.9990000000000001
233,2016-11-16,,,,1.002,,1.002,1.002,1.002
234,2016-11-17,,,,1.0,,1.0,1.0,1.0
235,2016-11-18,,,,1.0,,1.0,1.0,1.0
236,2016-11-21,,,,1.005,,1.005,1.005,1.005
237,2016-11-22,,,,1.01,,1.01,1.01,1.01
238,2016-11-23,,,,1.001,,1.001,1.001,1.001
239,2016-11-24,,,,0.997,,0.997,0.997,0.997
240,2016-11-25,,,,1.0,,1.0,1.0,1.0
241,2016-11-28,,,,0.995,,0.995,0.995,0.995
242,2016-11-29,,,,0.988,,0.988,0.988,0.988
243,2016-11-30,,,,0.987,,0.987,0.987,0.987
244,2016-12-01,,,,0.9890000000000001,,0.9890000000000001,0.9890000000000001,0.9890000000000001
245,2016-12-02,,,,0.976,,0.976,0.976,0.976
246,2016-12-05,,,,0.978,,0.978,0.978,0.978
247,2016-12-06,,,,0.983,,0.983,0.983,0.983
248,2016-12-07,,,,0.992,,0.992,0.992,0.992
249,2016-12-08,,,,0.9840000000000001,,0.9840000000000001,0.9840000000000001,0.9840000000000001
250,2016-12-09,,,,0.977,,0.977,0.977,0.977
251,2016-12-12,,,,0.935,,0.935,0.935,0.935
252,2016-12-13,,,,0.937,,0.937,0.937,0.937
253,2016-12-14,,,,0.9229999999999999,,0.9229999999999999,0.9229999999999999,0.9229999999999999
254,2016-12-15,,,,0.9229999999999999,,0.9229999999999999,0.9229999999999999,0.9229999999999999
255,2016-12-16,,,,0.932,,0.932,0.932,0.932
256,2016-12-19,,,,0.9279999999999999,,0.9279999999999999,0.9279999999999999,0.9279999999999999
257,2016-12-20,,,,0.9259999999999999,,0.9259999999999999,0.9259999999999999,0.9259999999999999
258,2016-12-21,,,,0.9359999999999999,,0.9359999999999999,0.9359999999999999,0.9359999999999999
259,2016-12-22,,,,0.941,,0.941,0.941,0.941
260,2016-12-23,,,,0.9329999999999999,,0.9329999999999999,0.9329999999999999,0.9329999999999999
261,2016-12-26,,,,0.945,,0.945,0.945,0.945
262,2016-12-27,,,,0.948,,0.948,0.948,0.948
263,2016-12-28,,,,0.945,,0.945,0.945,0.945
264,2016-12-29,,,,0.941,,0.941,0.941,0.941
265,2016-12-30,,,,0.946,,0.946,0.946,0.946
266,2017-01-03,,,,0.96,,0.96,0.96,0.96
267,2017-01-04,,,,0.9640000000000001,,0.9640000000000001,0.9640000000000001,0.9640000000000001
268,2017-01-05,,,,0.9640000000000001,,0.9640000000000001,0.9640000000000001,0.9640000000000001
269,2017-01-06,,,,0.953,,0.953,0.953,0.953
270,2017-01-09,,,,0.9570000000000001,,0.9570000000000001,0.9570000000000001,0.9570000000000001
271,2017-01-10,,,,0.943,,0.943,0.943,0.943
272,2017-01-11,,,,0.932,,0.932,0.932,0.932
273,2017-01-12,,,,0.9229999999999999,,0.9229999999999999,0.9229999999999999,0.9229999999999999
274,2017-01-13,,,,0.914,,0.914,0.914,0.914
275,2017-01-16,,,,0.9,,0.9,0.9,0.9
276,2017-01-17,,,,0.909,,0.909,0.909,0.909
277,2017-01-18,,,,0.91,,0.91,0.91,0.91
278,2017-01-19,,,,0.907,,0.907,0.907,0.907
279,2017-01-20,,,,0.9179999999999999,,0.9179999999999999,0.9179999999999999,0.9179999999999999
280,2017-01-23,,,,0.917,,0.917,0.917,0.917
281,2017-01-24,,,,0.914,,0.914,0.914,0.914
282,2017-01-25,,,,0.9179999999999999,,0.9179999999999999,0.9179999999999999,0.9179999999999999
283,2017-01-26,,,,0.925,,0.925,0.925,0.925
284,2017-02-03,,,,0.92,,0.92,0.92,0.92
285,2017-02-06,,,,0.924,,0.924,0.924,0.924
286,2017-02-07,,,,0.925,,0.925,0.925,0.925
287,2017-02-08,,,,0.9279999999999999,,0.9279999999999999,0.9279999999999999,0.9279999999999999
288,2017-02-09,,,,0.932,,0.932,0.932,0.932
289,2017-02-10,,,,0.929,,0.929,0.929,0.929
290,2017-02-13,,,,0.938,,0.938,0.938,0.938
291,2017-02-14,,,,0.9359999999999999,,0.9359999999999999,0.9359999999999999,0.9359999999999999
292,2017-02-15,,,,0.93,,0.93,0.93,0.93
293,2017-02-16,,,,0.935,,0.935,0.935,0.935
294,2017-02-17,,,,0.929,,0.929,0.929,0.929
295,2017-02-20,,,,0.9390000000000001,,0.9390000000000001,0.9390000000000001,0.9390000000000001
296,2017-02-21,,,,0.9420000000000001,,0.9420000000000001,0.9420000000000001,0.9420000000000001
297,2017-02-22,,,,0.9490000000000001,,0.9490000000000001,0.9490000000000001,0.9490000000000001
298,2017-02-23,,,,0.95,,0.95,0.95,0.95
299,2017-02-24,,,,0.9470000000000001,,0.9470000000000001,0.9470000000000001,0.9470000000000001
300,2017-02-27,,,,0.945,,0.945,0.945,0.945
301,2017-02-28,,,,0.946,,0.946,0.946,0.946
302,2017-03-01,,,,0.945,,0.945,0.945,0.945
303,2017-03-02,,,,0.946,,0.946,0.946,0.946
304,2017-03-03,,,,0.9520000000000001,,0.9520000000000001,0.9520000000000001,0.9520000000000001
305,2017-03-06,,,,0.961,,0.961,0.961,0.961
306,2017-03-07,,,,0.9590000000000001,,0.9590000000000001,0.9590000000000001,0.9590000000000001
307,2017-03-08,,,,0.9590000000000001,,0.9590000000000001,0.9590000000000001,0.9590000000000001
308,2017-03-09,,,,0.958,,0.958,0.958,0.958
309,2017-03-10,,,,0.968,,0.968,0.968,0.968
310,2017-03-13,,,,0.976,,0.976,0.976,0.976
311,2017-03-14,,,,0.97,,0.97,0.97,0.97
312,2017-03-15,,,,0.978,,0.978,0.978,0.978
313,2017-03-16,,,,0.981,,0.981,0.981,0.981
314,2017-03-17,,,,0.973,,0.973,0.973,0.973
315,2017-03-20,,,,0.976,,0.976,0.976,0.976
316,2017-03-21,,,,0.9890000000000001,,0.9890000000000001,0.9890000000000001,0.9890000000000001
317,2017-03-22,,,,0.988,,0.988,0.988,0.988
318,2017-03-23,,,,0.99,,0.99,0.99,0.99
319,2017-03-24,,,,0.993,,0.993,0.993,0.993
320,2017-03-27,,,,0.975,,0.975,0.975,0.975
321,2017-03-28,,,,0.97,,0.97,0.97,0.97
322,2017-03-29,,,,0.9640000000000001,,0.9640000000000001,0.9640000000000001,0.9640000000000001
323,2017-03-30,,,,0.95,,0.95,0.95,0.95
324,2017-03-31,,,,0.96,,0.96,0.96,0.96
325,2017-04-05,,,,0.972,,0.972,0.972,0.972
326,2017-04-06,,,,0.971,,0.971,0.971,0.971
327,2017-04-07,,,,0.97,,0.97,0.97,0.97
328,2017-04-10,,,,0.9590000000000001,,0.9590000000000001,0.9590000000000001,0.9590000000000001
329,2017-04-11,,,,0.9520000000000001,,0.9520000000000001,0.9520000000000001,0.9520000000000001
330,2017-04-12,,,,0.951,,0.951,0.951,0.951
331,2017-04-13,,,,0.9570000000000001,,0.9570000000000001,0.9570000000000001,0.9570000000000001
332,2017-04-14,,,,0.946,,0.946,0.946,0.946
333,2017-04-17,,,,0.943,,0.943,0.943,0.943
334,2017-04-18,,,,0.96,,0.96,0.96,0.96
335,2017-04-19,,,,0.9570000000000001,,0.9570000000000001,0.9570000000000001,0.9570000000000001
336,2017-04-20,,,,0.9640000000000001,,0.9640000000000001,0.9640000000000001,0.9640000000000001
337,2017-04-21,,,,0.96,,0.96,0.96,0.96
338,2017-04-24,,,,0.9359999999999999,,0.9359999999999999,0.9359999999999999,0.9359999999999999
339,2017-04-25,,,,0.9490000000000001,,0.9490000000000001,0.9490000000000001,0.9490000000000001
340,2017-04-26,,,,0.9470000000000001,,0.9470000000000001,0.9470000000000001,0.9470000000000001
341,2017-04-27,,,,0.953,,0.953,0.953,0.953
342,2017-04-28,,,,0.9470000000000001,,0.9470000000000001,0.9470000000000001,0.9470000000000001
343,2017-05-02,,,,0.951,,0.951,0.951,0.951
344,2017-05-03,,,,0.9490000000000001,,0.9490000000000001,0.9490000000000001,0.9490000000000001
345,2017-05-04,,,,0.946,,0.946,0.946,0.946
346,2017-05-05,,,,0.941,,0.941,0.941,0.941
347,2017-05-08,,,,0.925,,0.925,0.925,0.925
348,2017-05-09,,,,0.9329999999999999,,0.9329999999999999,0.9329999999999999,0.9329999999999999
349,2017-05-10,,,,0.9309999999999999,,0.9309999999999999,0.9309999999999999,0.9309999999999999
350,2017-05-11,,,,0.941,,0.941,0.941,0.941
351,2017-05-12,,,,0.9420000000000001,,0.9420000000000001,0.9420000000000001,0.9420000000000001
352,2017-05-15,,,,0.945,,0.945,0.945,0.945
353,2017-05-16,,,,0.96,,0.96,0.96,0.96
354,2017-05-17,,,,0.953,,0.953,0.953,0.953
355,2017-05-18,,,,0.9440000000000001,,0.9440000000000001,0.9440000000000001,0.9440000000000001
356,2017-05-19,,,,0.946,,0.946,0.946,0.946
357,2017-05-22,,,,0.9470000000000001,,0.9470000000000001,0.9470000000000001,0.9470000000000001
358,2017-05-23,,,,0.9420000000000001,,0.9420000000000001,0.9420000000000001,0.9420000000000001
359,2017-05-24,,,,0.937,,0.937,0.937,0.937
360,2017-05-25,,,,0.937,,0.937,0.937,0.937
361,2017-05-26,,,,0.937,,0.937,0.937,0.937
362,2017-05-31,,,,0.9359999999999999,,0.9359999999999999,0.9359999999999999,0.9359999999999999
363,2017-06-01,,,,0.932,,0.932,0.932,0.932
364,2017-06-02,,,,0.932,,0.932,0.932,0.932
365,2017-06-05,,,,0.9390000000000001,,0.9390000000000001,0.9390000000000001,0.9390000000000001
366,2017-06-06,,,,0.9540000000000001,,0.9540000000000001,0.9540000000000001,0.9540000000000001
367,2017-06-07,,,,0.9740000000000001,,0.9740000000000001,0.9740000000000001,0.9740000000000001
368,2017-06-08,,,,0.985,,0.985,0.985,0.985
369,2017-06-09,,,,0.988,,0.988,0.988,0.988
370,2017-06-12,,,,0.991,,0.991,0.991,0.991
371,2017-06-13,,,,0.993,,0.993,0.993,0.993
372,2017-06-14,,,,0.9670000000000001,,0.9670000000000001,0.9670000000000001,0.9670000000000001
373,2017-06-15,,,,0.9690000000000001,,0.9690000000000001,0.9690000000000001,0.9690000000000001
374,2017-06-16,,,,0.9690000000000001,,0.9690000000000001,0.9690000000000001,0.9690000000000001
375,2017-06-19,,,,0.983,,0.983,0.983,0.983
376,2017-06-20,,,,0.982,,0.982,0.982,0.982
377,2017-06-21,,,,1.014,,1.014,1.014,1.014
378,2017-06-22,,,,1.013,,1.013,1.013,1.013
379,2017-06-23,,,,1.032,,1.032,1.032,1.032
380,2017-06-26,,,,1.04,,1.04,1.04,1.04
381,2017-06-27,,,,1.044,,1.044,1.044,1.044
382,2017-06-28,,,,1.024,,1.024,1.024,1.024
383,2017-06-29,,,,1.032,,1.032,1.032,1.032
384,2017-06-30,,,,1.041,,1.041,1.041,1.041
385,2017-07-03,,,,1.023,,1.023,1.023,1.023
386,2017-07-04,,,,1.006,,1.006,1.006,1.006
387,2017-07-05,,,,1.035,,1.035,1.035,1.035
388,2017-07-06,,,,1.035,,1.035,1.035,1.035
389,2017-07-07,,,,1.03,,1.03,1.03,1.03
390,2017-07-10,,,,1.036,,1.036,1.036,1.036
391,2017-07-11,,,,1.063,,1.063,1.063,1.063
392,2017-07-12,,,,1.055,,1.055,1.055,1.055
393,2017-07-13,,,,1.0590000000000002,,1.0590000000000002,1.0590000000000002,1.0590000000000002
394,2017-07-14,,,,1.067,,1.067,1.067,1.067
395,2017-07-17,,,,1.054,,1.054,1.054,1.054
396,2017-07-18,,,,1.038,,1.038,1.038,1.038
397,2017-07-19,,,,1.053,,1.053,1.053,1.053
398,2017-07-20,,,,1.0659999999999998,,1.0659999999999998,1.0659999999999998,1.0659999999999998
399,2017-07-21,,,,1.057,,1.057,1.057,1.057
400,2017-07-24,,,,1.0759999999999998,,1.0759999999999998,1.0759999999999998,1.0759999999999998
401,2017-07-25,,,,1.071,,1.071,1.071,1.071
402,2017-07-26,,,,1.054,,1.054,1.054,1.054
403,2017-07-27,,,,1.043,,1.043,1.043,1.043
404,2017-07-28,,,,1.055,,1.055,1.055,1.055
405,2017-07-31,,,,1.0490000000000002,,1.0490000000000002,1.0490000000000002,1.0490000000000002
406,2017-08-01,,,,1.051,,1.051,1.051,1.051
407,2017-08-02,,,,1.043,,1.043,1.043,1.043
408,2017-08-03,,,,1.025,,1.025,1.025,1.025
409,2017-08-04,,,,1.016,,1.016,1.016,1.016
410,2017-08-07,,,,1.038,,1.038,1.038,1.038
411,2017-08-08,,,,1.036,,1.036,1.036,1.036
412,2017-08-09,,,,1.052,,1.052,1.052,1.052
413,2017-08-10,,,,1.051,,1.051,1.051,1.051
414,2017-08-11,,,,1.033,,1.033,1.033,1.033
415,2017-08-14,,,,1.048,,1.048,1.048,1.048
416,2017-08-15,,,,1.056,,1.056,1.056,1.056
417,2017-08-16,,,,1.044,,1.044,1.044,1.044
418,2017-08-17,,,,1.038,,1.038,1.038,1.038
419,2017-08-18,,,,1.044,,1.044,1.044,1.044
420,2017-08-21,,,,1.045,,1.045,1.045,1.045
421,2017-08-22,,,,1.044,,1.044,1.044,1.044
422,2017-08-23,,,,1.046,,1.046,1.046,1.046
423,2017-08-24,,,,1.044,,1.044,1.044,1.044
424,2017-08-25,,,,1.0490000000000002,,1.0490000000000002,1.0490000000000002,1.0490000000000002
425,2017-08-28,,,,1.064,,1.064,1.064,1.064
426,2017-08-29,,,,1.064,,1.064,1.064,1.064
427,2017-08-30,,,,1.074,,1.074,1.074,1.074
428,2017-08-31,,,,1.0659999999999998,,1.0659999999999998,1.0659999999999998,1.0659999999999998
429,2017-09-01,,,,1.08,,1.08,1.08,1.08
430,2017-09-04,,,,1.094,,1.094,1.094,1.094
431,2017-09-05,,,,1.0959999999999999,,1.0959999999999999,1.0959999999999999,1.0959999999999999
432,2017-09-06,,,,1.092,,1.092,1.092,1.092
433,2017-09-07,,,,1.084,,1.084,1.084,1.084
434,2017-09-08,,,,1.079,,1.079,1.079,1.079
435,2017-09-11,,,,1.094,,1.094,1.094,1.094
436,2017-09-12,,,,1.08,,1.08,1.08,1.08
437,2017-09-13,,,,1.092,,1.092,1.092,1.092
438,2017-09-14,,,,1.079,,1.079,1.079,1.079
439,2017-09-15,,,,1.082,,1.082,1.082,1.082
440,2017-09-18,,,,1.092,,1.092,1.092,1.092
441,2017-09-19,,,,1.078,,1.078,1.078,1.078
442,2017-09-20,,,,1.0859999999999999,,1.0859999999999999,1.0859999999999999,1.0859999999999999
443,2017-09-21,,,,1.077,,1.077,1.077,1.077
444,2017-09-22,,,,1.085,,1.085,1.085,1.085
445,2017-09-25,,,,1.074,,1.074,1.074,1.074
446,2017-09-26,,,,1.0759999999999998,,1.0759999999999998,1.0759999999999998,1.0759999999999998
447,2017-09-27,,,,1.097,,1.097,1.097,1.097
448,2017-09-28,,,,1.101,,1.101,1.101,1.101
449,2017-09-29,,,,1.104,,1.104,1.104,1.104
450,2017-10-09,,,,1.114,,1.114,1.114,1.114
451,2017-10-10,,,,1.1079999999999999,,1.1079999999999999,1.1079999999999999,1.1079999999999999
452,2017-10-11,,,,1.103,,1.103,1.103,1.103
453,2017-10-12,,,,1.105,,1.105,1.105,1.105
454,2017-10-13,,,,1.13,,1.13,1.13,1.13
455,2017-10-16,,,,1.127,,1.127,1.127,1.127
456,2017-10-17,,,,1.1320000000000001,,1.1320000000000001,1.1320000000000001,1.1320000000000001
457,2017-10-18,,,,1.147,,1.147,1.147,1.147
458,2017-10-19,,,,1.145,,1.145,1.145,1.145
459,2017-10-20,,,,1.1440000000000001,,1.1440000000000001,1.1440000000000001,1.1440000000000001
460,2017-10-23,,,,1.16,,1.16,1.16,1.16
461,2017-10-24,,,,1.177,,1.177,1.177,1.177
462,2017-10-25,,,,1.183,,1.183,1.183,1.183
463,2017-10-26,,,,1.188,,1.188,1.188,1.188
464,2017-10-27,,,,1.197,,1.197,1.197,1.197
465,2017-10-30,,,,1.204,,1.204,1.204,1.204
466,2017-10-31,,,,1.217,,1.217,1.217,1.217
467,2017-11-01,,,,1.213,,1.213,1.213,1.213
468,2017-11-02,,,,1.2,,1.2,1.2,1.2
469,2017-11-03,,,,1.194,,1.194,1.194,1.194
470,2017-11-06,,,,1.204,,1.204,1.204,1.204
471,2017-11-07,,,,1.207,,1.207,1.207,1.207
472,2017-11-08,,,,1.203,,1.203,1.203,1.203
473,2017-11-09,,,,1.215,,1.215,1.215,1.215
474,2017-11-10,,,,1.2409999999999999,,1.2409999999999999,1.2409999999999999,1.2409999999999999
475,2017-11-13,,,,1.242,,1.242,1.242,1.242
476,2017-11-14,,,,1.217,,1.217,1.217,1.217
477,2017-11-15,,,,1.182,,1.182,1.182,1.182
478,2017-11-16,,,,1.185,,1.185,1.185,1.185
479,2017-11-17,,,,1.1740000000000002,,1.1740000000000002,1.1740000000000002,1.1740000000000002
480,2017-11-20,,,,1.208,,1.208,1.208,1.208
481,2017-11-21,,,,1.225,,1.225,1.225,1.225
482,2017-11-22,,,,1.217,,1.217,1.217,1.217
483,2017-11-23,,,,1.168,,1.168,1.168,1.168
484,2017-11-24,,,,1.157,,1.157,1.157,1.157
485,2017-11-27,,,,1.123,,1.123,1.123,1.123
486,2017-11-28,,,,1.1420000000000001,,1.1420000000000001,1.1420000000000001,1.1420000000000001
487,2017-11-29,,,,1.13,,1.13,1.13,1.13
488,2017-11-30,,,,1.11,,1.11,1.11,1.11
489,2017-12-01,,,,1.124,,1.124,1.124,1.124
490,2017-12-04,,,,1.1420000000000001,,1.1420000000000001,1.1420000000000001,1.1420000000000001
491,2017-12-05,,,,1.123,,1.123,1.123,1.123
492,2017-12-06,,,,1.117,,1.117,1.117,1.117
493,2017-12-07,,,,1.0959999999999999,,1.0959999999999999,1.0959999999999999,1.0959999999999999
494,2017-12-08,,,,1.122,,1.122,1.122,1.122
495,2017-12-11,,,,1.151,,1.151,1.151,1.151
496,2017-12-12,,,,1.145,,1.145,1.145,1.145
497,2017-12-13,,,,1.14,,1.14,1.14,1.14
498,2017-12-14,,,,1.124,,1.124,1.124,1.124
499,2017-12-15,,,,1.114,,1.114,1.114,1.114
500,2017-12-18,,,,1.114,,1.114,1.114,1.114
501,2017-12-19,,,,1.119,,1.119,1.119,1.119
502,2017-12-20,,,,1.1079999999999999,,1.1079999999999999,1.1079999999999999,1.1079999999999999
503,2017-12-21,,,,1.122,,1.122,1.122,1.122
504,2017-12-22,,,,1.1159999999999999,,1.1159999999999999,1.1159999999999999,1.1159999999999999
505,2017-12-25,,,,1.1,,1.1,1.1,1.1
506,2017-12-26,,,,1.095,,1.095,1.095,1.095
507,2017-12-27,,,,1.0759999999999998,,1.0759999999999998,1.0759999999999998,1.0759999999999998
508,2017-12-28,,,,1.084,,1.084,1.084,1.084
509,2017-12-29,,,,1.095,,1.095,1.095,1.095
510,2018-01-02,,,,1.102,,1.102,1.102,1.102
511,2018-01-03,,,,1.14,,1.14,1.14,1.14
512,2018-01-04,,,,1.157,,1.157,1.157,1.157
513,2018-01-05,,,,1.153,,1.153,1.153,1.153
514,2018-01-08,,,,1.149,,1.149,1.149,1.149
515,2018-01-09,,,,1.166,,1.166,1.166,1.166
516,2018-01-10,,,,1.1540000000000001,,1.1540000000000001,1.1540000000000001,1.1540000000000001
517,2018-01-11,,,,1.155,,1.155,1.155,1.155
518,2018-01-12,,,,1.157,,1.157,1.157,1.157
519,2018-01-15,,,,1.14,,1.14,1.14,1.14
520,2018-01-16,,,,1.126,,1.126,1.126,1.126
521,2018-01-17,,,,1.105,,1.105,1.105,1.105
522,2018-01-18,,,,1.112,,1.112,1.112,1.112
523,2018-01-19,,,,1.107,,1.107,1.107,1.107
524,2018-01-22,,,,1.137,,1.137,1.137,1.137
525,2018-01-23,,,,1.133,,1.133,1.133,1.133
526,2018-01-24,,,,1.1179999999999999,,1.1179999999999999,1.1179999999999999,1.1179999999999999
527,2018-01-25,,,,1.114,,1.114,1.114,1.114
528,2018-01-26,,,,1.125,,1.125,1.125,1.125
529,2018-01-29,,,,1.103,,1.103,1.103,1.103
530,2018-01-30,,,,1.093,,1.093,1.093,1.093
531,2018-01-31,,,,1.107,,1.107,1.107,1.107
532,2018-02-01,,,,1.093,,1.093,1.093,1.093
533,2018-02-02,,,,1.105,,1.105,1.105,1.105
534,2018-02-05,,,,1.072,,1.072,1.072,1.072
535,2018-02-06,,,,1.041,,1.041,1.041,1.041
536,2018-02-07,,,,1.0090000000000001,,1.0090000000000001,1.0090000000000001,1.0090000000000001
537,2018-02-08,,,,1.04,,1.04,1.04,1.04
538,2018-02-09,,,,1.018,,1.018,1.018,1.018
539,2018-02-12,,,,1.07,,1.07,1.07,1.07
540,2018-02-13,,,,1.077,,1.077,1.077,1.077
541,2018-02-14,,,,1.09,,1.09,1.09,1.09
542,2018-02-22,,,,1.125,,1.125,1.125,1.125
543,2018-02-23,,,,1.123,,1.123,1.123,1.123
544,2018-02-26,,,,1.146,,1.146,1.146,1.146
545,2018-02-27,,,,1.125,,1.125,1.125,1.125
546,2018-02-28,,,,1.13,,1.13,1.13,1.13
547,2018-03-01,,,,1.138,,1.138,1.138,1.138
548,2018-03-02,,,,1.141,,1.141,1.141,1.141
549,2018-03-05,,,,1.145,,1.145,1.145,1.145
550,2018-03-06,,,,1.148,,1.148,1.148,1.148
551,2018-03-07,,,,1.147,,1.147,1.147,1.147
552,2018-03-08,,,,1.155,,1.155,1.155,1.155
553,2018-03-09,,,,1.175,,1.175,1.175,1.175
554,2018-03-12,,,,1.197,,1.197,1.197,1.197
555,2018-03-13,,,,1.188,,1.188,1.188,1.188
556,2018-03-14,,,,1.179,,1.179,1.179,1.179
557,2018-03-15,,,,1.193,,1.193,1.193,1.193
558,2018-03-16,,,,1.17,,1.17,1.17,1.17
559,2018-03-19,,,,1.1740000000000002,,1.1740000000000002,1.1740000000000002,1.1740000000000002
560,2018-03-20,,,,1.165,,1.165,1.165,1.165
561,2018-03-21,,,,1.147,,1.147,1.147,1.147
562,2018-03-22,,,,1.138,,1.138,1.138,1.138
563,2018-03-23,,,,1.087,,1.087,1.087,1.087
564,2018-03-26,,,,1.1179999999999999,,1.1179999999999999,1.1179999999999999,1.1179999999999999
565,2018-03-27,,,,1.1340000000000001,,1.1340000000000001,1.1340000000000001,1.1340000000000001
566,2018-03-28,,,,1.1079999999999999,,1.1079999999999999,1.1079999999999999,1.1079999999999999
567,2018-03-29,,,,1.1079999999999999,,1.1079999999999999,1.1079999999999999,1.1079999999999999
568,2018-03-30,,,,1.117,,1.117,1.117,1.117
569,2018-04-02,,,,1.089,,1.089,1.089,1.089
570,2018-04-03,,,,1.083,,1.083,1.083,1.083
571,2018-04-04,,,,1.077,,1.077,1.077,1.077
572,2018-04-09,,,,1.073,,1.073,1.073,1.073
573,2018-04-10,,,,1.105,,1.105,1.105,1.105
574,2018-04-11,,,,1.104,,1.104,1.104,1.104
575,2018-04-12,,,,1.084,,1.084,1.084,1.084
576,2018-04-13,,,,1.08,,1.08,1.08,1.08
577,2018-04-16,,,,1.065,,1.065,1.065,1.065
578,2018-04-17,,,,1.033,,1.033,1.033,1.033
579,2018-04-18,,,,1.035,,1.035,1.035,1.035
580,2018-04-19,,,,1.044,,1.044,1.044,1.044
581,2018-04-20,,,,1.034,,1.034,1.034,1.034
582,2018-04-23,,,,1.044,,1.044,1.044,1.044
583,2018-04-24,,,,1.077,,1.077,1.077,1.077
584,2018-04-25,,,,1.077,,1.077,1.077,1.077
585,2018-04-26,,,,1.031,,1.031,1.031,1.031
586,2018-04-27,,,,1.046,,1.046,1.046,1.046
587,2018-05-02,,,,1.056,,1.056,1.056,1.056
588,2018-05-03,,,,1.057,,1.057,1.057,1.057
589,2018-05-04,,,,1.053,,1.053,1.053,1.053
590,2018-05-07,,,,1.09,,1.09,1.09,1.09
591,2018-05-08,,,,1.093,,1.093,1.093,1.093
592,2018-05-09,,,,1.092,,1.092,1.092,1.092
593,2018-05-10,,,,1.097,,1.097,1.097,1.097
594,2018-05-11,,,,1.112,,1.112,1.112,1.112
595,2018-05-14,,,,1.127,,1.127,1.127,1.127
596,2018-05-15,,,,1.14,,1.14,1.14,1.14
597,2018-05-16,,,,1.133,,1.133,1.133,1.133
598,2018-05-17,,,,1.125,,1.125,1.125,1.125
599,2018-05-18,,,,1.127,,1.127,1.127,1.127
600,2018-05-21,,,,1.136,,1.136,1.136,1.136
601,2018-05-22,,,,1.149,,1.149,1.149,1.149
602,2018-05-23,,,,1.131,,1.131,1.131,1.131
603,2018-05-24,,,,1.125,,1.125,1.125,1.125
604,2018-05-25,,,,1.095,,1.095,1.095,1.095
605,2018-05-28,,,,1.1,,1.1,1.1,1.1
606,2018-05-29,,,,1.089,,1.089,1.089,1.089
607,2018-05-30,,,,1.051,,1.051,1.051,1.051
608,2018-05-31,,,,1.061,,1.061,1.061,1.061
609,2018-06-01,,,,1.0390000000000001,,1.0390000000000001,1.0390000000000001,1.0390000000000001
610,2018-06-04,,,,1.033,,1.033,1.033,1.033
611,2018-06-05,,,,1.067,,1.067,1.067,1.067
612,2018-06-06,,,,1.079,,1.079,1.079,1.079
613,2018-06-07,,,,1.078,,1.078,1.078,1.078
614,2018-06-08,,,,1.078,,1.078,1.078,1.078
615,2018-06-11,,,,1.078,,1.078,1.078,1.078
616,2018-06-12,,,,1.083,,1.083,1.083,1.083
617,2018-06-13,,,,1.064,,1.064,1.064,1.064
618,2018-06-14,,,,1.055,,1.055,1.055,1.055
619,2018-06-15,,,,1.0390000000000001,,1.0390000000000001,1.0390000000000001,1.0390000000000001
620,2018-06-19,,,,0.973,,0.973,0.973,0.973
621,2018-06-20,,,,0.9890000000000001,,0.9890000000000001,0.9890000000000001,0.9890000000000001
622,2018-06-21,,,,0.9570000000000001,,0.9570000000000001,0.9570000000000001,0.9570000000000001
623,2018-06-22,,,,0.987,,0.987,0.987,0.987
624,2018-06-25,,,,0.993,,0.993,0.993,0.993
625,2018-06-26,,,,1.001,,1.001,1.001,1.001
626,2018-06-27,,,,0.98,,0.98,0.98,0.98
627,2018-06-28,,,,0.976,,0.976,0.976,0.976
628,2018-06-29,,,,1.024,,1.024,1.024,1.024
629,2018-07-02,,,,1.013,,1.013,1.013,1.013
630,2018-07-03,,,,1.01,,1.01,1.01,1.01
631,2018-07-04,,,,0.98,,0.98,0.98,0.98
632,2018-07-05,,,,0.9590000000000001,,0.9590000000000001,0.9590000000000001,0.9590000000000001
633,2018-07-06,,,,0.9570000000000001,,0.9570000000000001,0.9570000000000001,0.9570000000000001
634,2018-07-09,,,,0.998,,0.998,0.998,0.998
635,2018-07-10,,,,1.021,,1.021,1.021,1.021
636,2018-07-11,,,,1.0270000000000001,,1.0270000000000001,1.0270000000000001,1.0270000000000001
637,2018-07-12,,,,1.053,,1.053,1.053,1.053
638,2018-07-13,,,,1.078,,1.078,1.078,1.078
639,2018-07-16,,,,1.068,,1.068,1.068,1.068
640,2018-07-17,,,,1.074,,1.074,1.074,1.074
641,2018-07-18,,,,1.055,,1.055,1.055,1.055
642,2018-07-19,,,,1.052,,1.052,1.052,1.052
643,2018-07-20,,,,1.064,,1.064,1.064,1.064
644,2018-07-23,,,,1.071,,1.071,1.071,1.071
645,2018-07-24,,,,1.08,,1.08,1.08,1.08
646,2018-07-25,,,,1.067,,1.067,1.067,1.067
647,2018-07-26,,,,1.045,,1.045,1.045,1.045
648,2018-07-27,,,,1.035,,1.035,1.035,1.035
649,2018-07-30,,,,1.0270000000000001,,1.0270000000000001,1.0270000000000001,1.0270000000000001
650,2018-07-31,,,,1.0170000000000001,,1.0170000000000001,1.0170000000000001,1.0170000000000001
651,2018-08-01,,,,0.998,,0.998,0.998,0.998
652,2018-08-02,,,,0.985,,0.985,0.985,0.985
653,2018-08-03,,,,0.96,,0.96,0.96,0.96
654,2018-08-06,,,,0.905,,0.905,0.905,0.905
655,2018-08-07,,,,0.9229999999999999,,0.9229999999999999,0.9229999999999999,0.9229999999999999
656,2018-08-08,,,,0.892,,0.892,0.892,0.892
657,2018-08-09,,,,0.932,,0.932,0.932,0.932
658,2018-08-10,,,,0.9420000000000001,,0.9420000000000001,0.9420000000000001,0.9420000000000001
659,2018-08-13,,,,0.9490000000000001,,0.9490000000000001,0.9490000000000001,0.9490000000000001
660,2018-08-14,,,,0.937,,0.937,0.937,0.937
661,2018-08-15,,,,0.9079999999999999,,0.9079999999999999,0.9079999999999999,0.9079999999999999
662,2018-08-16,,,,0.898,,0.898,0.898,0.898
663,2018-08-17,,,,0.8809999999999999,,0.8809999999999999,0.8809999999999999,0.8809999999999999
664,2018-08-20,,,,0.897,,0.897,0.897,0.897
665,2018-08-21,,,,0.909,,0.909,0.909,0.909
666,2018-08-22,,,,0.9,,0.9,0.9,0.9
667,2018-08-23,,,,0.907,,0.907,0.907,0.907
668,2018-08-24,,,,0.907,,0.907,0.907,0.907
669,2018-08-27,,,,0.9390000000000001,,0.9390000000000001,0.9390000000000001,0.9390000000000001
670,2018-08-28,,,,0.951,,0.951,0.951,0.951
671,2018-08-29,,,,0.9390000000000001,,0.9390000000000001,0.9390000000000001,0.9390000000000001
672,2018-08-30,,,,0.927,,0.927,0.927,0.927
673,2018-08-31,,,,0.91,,0.91,0.91,0.91
674,2018-09-03,,,,0.914,,0.914,0.914,0.914
675,2018-09-04,,,,0.9179999999999999,,0.9179999999999999,0.9179999999999999,0.9179999999999999
676,2018-09-05,,,,0.9,,0.9,0.9,0.9
677,2018-09-06,,,,0.885,,0.885,0.885,0.885
678,2018-09-07,,,,0.895,,0.895,0.895,0.895
679,2018-09-10,,,,0.875,,0.875,0.875,0.875
680,2018-09-11,,,,0.875,,0.875,0.875,0.875
681,2018-09-12,,,,0.863,,0.863,0.863,0.863
682,2018-09-13,,,,0.871,,0.871,0.871,0.871
683,2018-09-14,,,,0.868,,0.868,0.868,0.868
684,2018-09-17,,,,0.853,,0.853,0.853,0.853
685,2018-09-18,,,,0.875,,0.875,0.875,0.875
686,2018-09-19,,,,0.882,,0.882,0.882,0.882
687,2018-09-20,,,,0.888,,0.888,0.888,0.888
688,2018-09-21,,,,0.9209999999999999,,0.9209999999999999,0.9209999999999999,0.9209999999999999
689,2018-09-25,,,,0.9159999999999999,,0.9159999999999999,0.9159999999999999,0.9159999999999999
690,2018-09-26,,,,0.93,,0.93,0.93,0.93
691,2018-09-27,,,,0.9179999999999999,,0.9179999999999999,0.9179999999999999,0.9179999999999999
692,2018-09-28,,,,0.922,,0.922,0.922,0.922
693,2018-10-08,,,,0.871,,0.871,0.871,0.871
694,2018-10-09,,,,0.86,,0.86,0.86,0.86
695,2018-10-10,,,,0.8420000000000001,,0.8420000000000001,0.8420000000000001,0.8420000000000001
696,2018-10-11,,,,0.792,,0.792,0.792,0.792
697,2018-10-12,,,,0.7909999999999999,,0.7909999999999999,0.7909999999999999,0.7909999999999999
698,2018-10-15,,,,0.787,,0.787,0.787,0.787
699,2018-10-16,,,,0.772,,0.772,0.772,0.772
700,2018-10-17,,,,0.769,,0.769,0.769,0.769
701,2018-10-18,,,,0.7490000000000001,,0.7490000000000001,0.7490000000000001,0.7490000000000001
702,2018-10-19,,,,0.772,,0.772,0.772,0.772
703,2018-10-22,,,,0.8109999999999999,,0.8109999999999999,0.8109999999999999,0.8109999999999999
704,2018-10-23,,,,0.787,,0.787,0.787,0.787
705,2018-10-24,,,,0.773,,0.773,0.773,0.773
706,2018-10-25,,,,0.765,,0.765,0.765,0.765
707,2018-10-26,,,,0.754,,0.754,0.754,0.754
708,2018-10-29,,,,0.732,,0.732,0.732,0.732
709,2018-10-30,,,,0.737,,0.737,0.737,0.737
710,2018-10-31,,,,0.76,,0.76,0.76,0.76
711,2018-11-01,,,,0.769,,0.769,0.769,0.769
712,2018-11-02,,,,0.8109999999999999,,0.8109999999999999,0.8109999999999999,0.8109999999999999
713,2018-11-05,,,,0.805,,0.805,0.805,0.805
714,2018-11-06,,,,0.794,,0.794,0.794,0.794
715,2018-11-07,,,,0.797,,0.797,0.797,0.797
716,2018-11-08,,,,0.7929999999999999,,0.7929999999999999,0.7929999999999999,0.7929999999999999
717,2018-11-09,,,,0.787,,0.787,0.787,0.787
718,2018-11-12,,,,0.802,,0.802,0.802,0.802
719,2018-11-13,,,,0.816,,0.816,0.816,0.816
720,2018-11-14,,,,0.804,,0.804,0.804,0.804
721,2018-11-15,,,,0.807,,0.807,0.807,0.807
722,2018-11-16,,,,0.809,,0.809,0.809,0.809
723,2018-11-19,,,,0.813,,0.813,0.813,0.813
724,2018-11-20,,,,0.792,,0.792,0.792,0.792
725,2018-11-21,,,,0.7979999999999999,,0.7979999999999999,0.7979999999999999,0.7979999999999999
726,2018-11-22,,,,0.795,,0.795,0.795,0.795
727,2018-11-23,,,,0.7829999999999999,,0.7829999999999999,0.7829999999999999,0.7829999999999999
728,2018-11-26,,,,0.78,,0.78,0.78,0.78
729,2018-11-27,,,,0.778,,0.778,0.778,0.778
730,2018-11-28,,,,0.7929999999999999,,0.7929999999999999,0.7929999999999999,0.7929999999999999
731,2018-11-29,,,,0.785,,0.785,0.785,0.785
732,2018-11-30,,,,0.7959999999999999,,0.7959999999999999,0.7959999999999999,0.7959999999999999
733,2018-12-03,,,,0.8220000000000001,,0.8220000000000001,0.8220000000000001,0.8220000000000001
734,2018-12-04,,,,0.825,,0.825,0.825,0.825
735,2018-12-05,,,,0.8270000000000001,,0.8270000000000001,0.8270000000000001,0.8270000000000001
736,2018-12-06,,,,0.8009999999999999,,0.8009999999999999,0.8009999999999999,0.8009999999999999
737,2018-12-07,,,,0.797,,0.797,0.797,0.797
738,2018-12-10,,,,0.792,,0.792,0.792,0.792
739,2018-12-11,,,,0.8029999999999999,,0.8029999999999999,0.8029999999999999,0.8029999999999999
740,2018-12-12,,,,0.7979999999999999,,0.7979999999999999,0.7979999999999999,0.7979999999999999
741,2018-12-13,,,,0.813,,0.813,0.813,0.813
742,2018-12-14,,,,0.797,,0.797,0.797,0.797
743,2018-12-17,,,,0.785,,0.785,0.785,0.785
744,2018-12-18,,,,0.782,,0.782,0.782,0.782
745,2018-12-19,,,,0.768,,0.768,0.768,0.768
746,2018-12-20,,,,0.762,,0.762,0.762,0.762
747,2018-12-21,,,,0.7509999999999999,,0.7509999999999999,0.7509999999999999,0.7509999999999999
748,2018-12-24,,,,0.763,,0.763,0.763,0.763
749,2018-12-25,,,,0.767,,0.767,0.767,0.767
750,2018-12-26,,,,0.7609999999999999,,0.7609999999999999,0.7609999999999999,0.7609999999999999
751,2018-12-27,,,,0.758,,0.758,0.758,0.758
752,2018-12-28,,,,0.76,,0.76,0.76,0.76
753,2019-01-02,,,,0.745,,0.745,0.745,0.745
754,2019-01-03,,,,0.732,,0.732,0.732,0.732
755,2019-01-04,,,,0.743,,0.743,0.743,0.743
756,2019-01-07,,,,0.7509999999999999,,0.7509999999999999,0.7509999999999999,0.7509999999999999
757,2019-01-08,,,,0.753,,0.753,0.753,0.753
758,2019-01-09,,,,0.7609999999999999,,0.7609999999999999,0.7609999999999999,0.7609999999999999
759,2019-01-10,,,,0.7609999999999999,,0.7609999999999999,0.7609999999999999,0.7609999999999999
760,2019-01-11,,,,0.765,,0.765,0.765,0.765
761,2019-01-14,,,,0.755,,0.755,0.755,0.755
762,2019-01-15,,,,0.7759999999999999,,0.7759999999999999,0.7759999999999999,0.7759999999999999
763,2019-01-16,,,,0.7809999999999999,,0.7809999999999999,0.7809999999999999,0.7809999999999999
764,2019-01-17,,,,0.7759999999999999,,0.7759999999999999,0.7759999999999999,0.7759999999999999
765,2019-01-18,,,,0.789,,0.789,0.789,0.789
766,2019-01-21,,,,0.7959999999999999,,0.7959999999999999,0.7959999999999999,0.7959999999999999
767,2019-01-22,,,,0.782,,0.782,0.782,0.782
768,2019-01-23,,,,0.784,,0.784,0.784,0.784
769,2019-01-24,,,,0.787,,0.787,0.787,0.787
770,2019-01-25,,,,0.7929999999999999,,0.7929999999999999,0.7929999999999999,0.7929999999999999
771,2019-01-28,,,,0.79,,0.79,0.79,0.79
772,2019-01-29,,,,0.792,,0.792,0.792,0.792
773,2019-01-30,,,,0.784,,0.784,0.784,0.784
774,2019-01-31,,,,0.7909999999999999,,0.7909999999999999,0.7909999999999999,0.7909999999999999
775,2019-02-01,,,,0.8109999999999999,,0.8109999999999999,0.8109999999999999,0.8109999999999999
776,2019-02-11,,,,0.83,,0.83,0.83,0.83
777,2019-02-12,,,,0.838,,0.838,0.838,0.838
778,2019-02-13,,,,0.853,,0.853,0.853,0.853
779,2019-02-14,,,,0.857,,0.857,0.857,0.857
780,2019-02-15,,,,0.838,,0.838,0.838,0.838
781,2019-02-18,,,,0.8690000000000001,,0.8690000000000001,0.8690000000000001,0.8690000000000001
782,2019-02-19,,,,0.8640000000000001,,0.8640000000000001,0.8640000000000001,0.8640000000000001
783,2019-02-20,,,,0.863,,0.863,0.863,0.863
784,2019-02-21,,,,0.8590000000000001,,0.8590000000000001,0.8590000000000001,0.8590000000000001
785,2019-02-22,,,,0.8759999999999999,,0.8759999999999999,0.8759999999999999,0.8759999999999999
786,2019-02-25,,,,0.91,,0.91,0.91,0.91
787,2019-02-26,,,,0.9009999999999999,,0.9009999999999999,0.9009999999999999,0.9009999999999999
788,2019-02-27,,,,0.892,,0.892,0.892,0.892
789,2019-02-28,,,,0.903,,0.903,0.903,0.903
790,2019-03-01,,,,0.917,,0.917,0.917,0.917
791,2019-03-04,,,,0.934,,0.934,0.934,0.934
792,2019-03-05,,,,0.94,,0.94,0.94,0.94
793,2019-03-06,,,,0.941,,0.941,0.941,0.941
794,2019-03-07,,,,0.93,,0.93,0.93,0.93
795,2019-03-08,,,,0.924,,0.924,0.924,0.924
796,2019-03-11,,,,0.96,,0.96,0.96,0.96
797,2019-03-12,,,,0.9670000000000001,,0.9670000000000001,0.9670000000000001,0.9670000000000001
798,2019-03-13,,,,0.937,,0.937,0.937,0.937
799,2019-03-14,,,,0.9309999999999999,,0.9309999999999999,0.9309999999999999,0.9309999999999999
800,2019-03-15,,,,0.945,,0.945,0.945,0.945
801,2019-03-18,,,,0.978,,0.978,0.978,0.978
802,2019-03-19,,,,0.9690000000000001,,0.9690000000000001,0.9690000000000001,0.9690000000000001
803,2019-03-20,,,,0.9620000000000001,,0.9620000000000001,0.9620000000000001,0.9620000000000001
804,2019-03-21,,,,0.966,,0.966,0.966,0.966
805,2019-03-22,,,,0.9670000000000001,,0.9670000000000001,0.9670000000000001,0.9670000000000001
806,2019-03-25,,,,0.9470000000000001,,0.9470000000000001,0.9470000000000001,0.9470000000000001
807,2019-03-26,,,,0.9309999999999999,,0.9309999999999999,0.9309999999999999,0.9309999999999999
808,2019-03-27,,,,0.9490000000000001,,0.9490000000000001,0.9490000000000001,0.9490000000000001
809,2019-03-28,,,,0.948,,0.948,0.948,0.948
810,2019-03-29,,,,0.982,,0.982,0.982,0.982
811,2019-04-01,,,,1.01,,1.01,1.01,1.01
812,2019-04-02,,,,0.9990000000000001,,0.9990000000000001,0.9990000000000001,0.9990000000000001
813,2019-04-03,,,,1.003,,1.003,1.003,1.003
814,2019-04-04,,,,0.9990000000000001,,0.9990000000000001,0.9990000000000001,0.9990000000000001
815,2019-04-08,,,,0.985,,0.985,0.985,0.985
816,2019-04-09,,,,0.9940000000000001,,0.9940000000000001,0.9940000000000001,0.9940000000000001
817,2019-04-10,,,,1.004,,1.004,1.004,1.004
818,2019-04-11,,,,0.973,,0.973,0.973,0.973
819,2019-04-12,,,,0.97,,0.97,0.97,0.97
820,2019-04-15,,,,0.966,,0.966,0.966,0.966
821,2019-04-16,,,,0.982,,0.982,0.982,0.982
822,2019-04-17,,,,0.98,,0.98,0.98,0.98
823,2019-04-18,,,,0.98,,0.98,0.98,0.98
824,2019-04-19,,,,0.9940000000000001,,0.9940000000000001,0.9940000000000001,0.9940000000000001
825,2019-04-22,,,,0.9740000000000001,,0.9740000000000001,0.9740000000000001,0.9740000000000001
826,2019-04-23,,,,0.973,,0.973,0.973,0.973
827,2019-04-24,,,,0.9740000000000001,,0.9740000000000001,0.9740000000000001,0.9740000000000001
828,2019-04-25,,,,0.958,,0.958,0.958,0.958
829,2019-04-26,,,,0.9520000000000001,,0.9520000000000001,0.9520000000000001,0.9520000000000001
830,2019-04-29,,,,0.961,,0.961,0.961,0.961
831,2019-04-30,,,,0.963,,0.963,0.963,0.963
832,2019-05-06,,,,0.903,,0.903,0.903,0.903
833,2019-05-07,,,,0.9209999999999999,,0.9209999999999999,0.9209999999999999,0.9209999999999999
834,2019-05-08,,,,0.91,,0.91,0.91,0.91
835,2019-05-09,,,,0.889,,0.889,0.889,0.889
836,2019-05-10,,,,0.927,,0.927,0.927,0.927
837,2019-05-13,,,,0.9159999999999999,,0.9159999999999999,0.9159999999999999,0.9159999999999999
838,2019-05-14,,,,0.914,,0.914,0.914,0.914
839,2019-05-15,,,,0.948,,0.948,0.948,0.948
840,2019-05-16,,,,0.955,,0.955,0.955,0.955
841,2019-05-17,,,,0.9309999999999999,,0.9309999999999999,0.9309999999999999,0.9309999999999999
842,2019-05-20,,,,0.9129999999999999,,0.9129999999999999,0.9129999999999999,0.9129999999999999
843,2019-05-21,,,,0.9259999999999999,,0.9259999999999999,0.9259999999999999,0.9259999999999999
844,2019-05-22,,,,0.9179999999999999,,0.9179999999999999,0.9179999999999999,0.9179999999999999
845,2019-05-23,,,,0.895,,0.895,0.895,0.895
846,2019-05-24,,,,0.903,,0.903,0.903,0.903
847,2019-05-27,,,,0.9109999999999999,,0.9109999999999999,0.9109999999999999,0.9109999999999999
848,2019-05-28,,,,0.9209999999999999,,0.9209999999999999,0.9209999999999999,0.9209999999999999
849,2019-05-29,,,,0.919,,0.919,0.919,0.919
850,2019-05-30,,,,0.912,,0.912,0.912,0.912
851,2019-05-31,,,,0.909,,0.909,0.909,0.909
852,2019-06-03,,,,0.9059999999999999,,0.9059999999999999,0.9059999999999999,0.9059999999999999
853,2019-06-04,,,,0.889,,0.889,0.889,0.889
854,2019-06-05,,,,0.887,,0.887,0.887,0.887
855,2019-06-06,,,,0.878,,0.878,0.878,0.878
856,2019-06-10,,,,0.8909999999999999,,0.8909999999999999,0.8909999999999999,0.8909999999999999
857,2019-06-11,,,,0.9259999999999999,,0.9259999999999999,0.9259999999999999,0.9259999999999999
858,2019-06-12,,,,0.9159999999999999,,0.9159999999999999,0.9159999999999999,0.9159999999999999
859,2019-06-13,,,,0.912,,0.912,0.912,0.912
860,2019-06-14,,,,0.907,,0.907,0.907,0.907
861,2019-06-17,,,,0.904,,0.904,0.904,0.904
862,2019-06-18,,,,0.9079999999999999,,0.9079999999999999,0.9079999999999999,0.9079999999999999
863,2019-06-19,,,,0.925,,0.925,0.925,0.925
864,2019-06-20,,,,0.9570000000000001,,0.9570000000000001,0.9570000000000001,0.9570000000000001
865,2019-06-21,,,,0.9620000000000001,,0.9620000000000001,0.9620000000000001,0.9620000000000001
866,2019-06-24,,,,0.966,,0.966,0.966,0.966
867,2019-06-25,,,,0.9620000000000001,,0.9620000000000001,0.9620000000000001,0.9620000000000001
868,2019-06-26,,,,0.9690000000000001,,0.9690000000000001,0.9690000000000001,0.9690000000000001
869,2019-06-27,,,,0.9890000000000001,,0.9890000000000001,0.9890000000000001,0.9890000000000001
870,2019-06-28,,,,0.991,,0.991,0.991,0.991
871,2019-07-01,,,,1.032,,1.032,1.032,1.032
872,2019-07-02,,,,1.037,,1.037,1.037,1.037
873,2019-07-03,,,,1.011,,1.011,1.011,1.011
874,2019-07-04,,,,1.0,,1.0,1.0,1.0
875,2019-07-05,,,,1.0170000000000001,,1.0170000000000001,1.0170000000000001,1.0170000000000001
876,2019-07-08,,,,0.996,,0.996,0.996,0.996
877,2019-07-09,,,,0.996,,0.996,0.996,0.996
878,2019-07-10,,,,0.9990000000000001,,0.9990000000000001,0.9990000000000001,0.9990000000000001
879,2019-07-11,,,,0.997,,0.997,0.997,0.997
880,2019-07-12,,,,1.003,,1.003,1.003,1.003
881,2019-07-15,,,,1.0,,1.0,1.0,1.0
882,2019-07-16,,,,0.988,,0.988,0.988,0.988
883,2019-07-17,,,,0.985,,0.985,0.985,0.985
884,2019-07-18,,,,0.9740000000000001,,0.9740000000000001,0.9740000000000001,0.9740000000000001
885,2019-07-19,,,,0.98,,0.98,0.98,0.98
886,2019-07-22,,,,0.996,,0.996,0.996,0.996
887,2019-07-23,,,,0.993,,0.993,0.993,0.993
888,2019-07-24,,,,1.0,,1.0,1.0,1.0
889,2019-07-25,,,,1.0070000000000001,,1.0070000000000001,1.0070000000000001,1.0070000000000001
890,2019-07-26,,,,1.013,,1.013,1.013,1.013
891,2019-07-29,,,,1.014,,1.014,1.014,1.014
892,2019-07-30,,,,1.014,,1.014,1.014,1.014
893,2019-07-31,,,,1.0070000000000001,,1.0070000000000001,1.0070000000000001,1.0070000000000001
894,2019-08-01,,,,0.9990000000000001,,0.9990000000000001,0.9990000000000001,0.9990000000000001
895,2019-08-02,,,,0.9890000000000001,,0.9890000000000001,0.9890000000000001,0.9890000000000001
896,2019-08-05,,,,0.971,,0.971,0.971,0.971
897,2019-08-06,,,,0.965,,0.965,0.965,0.965
898,2019-08-07,,,,0.9620000000000001,,0.9620000000000001,0.9620000000000001,0.9620000000000001
899,2019-08-08,,,,0.981,,0.981,0.981,0.981
900,2019-08-09,,,,0.966,,0.966,0.966,0.966
901,2019-08-12,,,,0.986,,0.986,0.986,0.986
902,2019-08-13,,,,0.9790000000000001,,0.9790000000000001,0.9790000000000001,0.9790000000000001
903,2019-08-14,,,,0.998,,0.998,0.998,0.998
904,2019-08-15,,,,1.002,,1.002,1.002,1.002
905,2019-08-16,,,,1.012,,1.012,1.012,1.012
906,2019-08-19,,,,1.028,,1.028,1.028,1.028
907,2019-08-20,,,,1.028,,1.028,1.028,1.028
908,2019-08-21,,,,1.022,,1.022,1.022,1.022
909,2019-08-22,,,,1.028,,1.028,1.028,1.028
910,2019-08-23,,,,1.043,,1.043,1.043,1.043
911,2019-08-26,,,,1.03,,1.03,1.03,1.03
912,2019-08-27,,,,1.044,,1.044,1.044,1.044
913,2019-08-28,,,,1.043,,1.043,1.043,1.043
914,2019-08-29,,,,1.0490000000000002,,1.0490000000000002,1.0490000000000002,1.0490000000000002
915,2019-08-30,,,,1.065,,1.065,1.065,1.065
916,2019-09-02,,,,1.08,,1.08,1.08,1.08
917,2019-09-03,,,,1.082,,1.082,1.082,1.082
918,2019-09-04,,,,1.08,,1.08,1.08,1.08
919,2019-09-05,,,,1.079,,1.079,1.079,1.079
920,2019-09-06,,,,1.089,,1.089,1.089,1.089
921,2019-09-09,,,,1.1,,1.1,1.1,1.1
922,2019-09-10,,,,1.095,,1.095,1.095,1.095
923,2019-09-11,,,,1.067,,1.067,1.067,1.067
924,2019-09-12,,,,1.077,,1.077,1.077,1.077
925,2019-09-16,,,,1.077,,1.077,1.077,1.077
926,2019-09-17,,,,1.068,,1.068,1.068,1.068
927,2019-09-18,,,,1.083,,1.083,1.083,1.083
928,2019-09-19,,,,1.093,,1.093,1.093,1.093
929,2019-09-20,,,,1.105,,1.105,1.105,1.105
930,2019-09-23,,,,1.094,,1.094,1.094,1.094
931,2019-09-24,,,,1.1159999999999999,,1.1159999999999999,1.1159999999999999,1.1159999999999999
932,2019-09-25,,,,1.1059999999999999,,1.1059999999999999,1.1059999999999999,1.1059999999999999
933,2019-09-26,,,,1.0959999999999999,,1.0959999999999999,1.0959999999999999,1.0959999999999999
934,2019-09-27,,,,1.1059999999999999,,1.1059999999999999,1.1059999999999999,1.1059999999999999
935,2019-09-30,,,,1.09,,1.09,1.09,1.09
936,2019-10-08,,,,1.089,,1.089,1.089,1.089
937,2019-10-09,,,,1.08,,1.08,1.08,1.08
938,2019-10-10,,,,1.095,,1.095,1.095,1.095
939,2019-10-11,,,,1.097,,1.097,1.097,1.097
940,2019-10-14,,,,1.101,,1.101,1.101,1.101
941,2019-10-15,,,,1.0959999999999999,,1.0959999999999999,1.0959999999999999,1.0959999999999999
942,2019-10-16,,,,1.093,,1.093,1.093,1.093
943,2019-10-17,,,,1.099,,1.099,1.099,1.099
944,2019-10-18,,,,1.088,,1.088,1.088,1.088
945,2019-10-21,,,,1.078,,1.078,1.078,1.078
946,2019-10-22,,,,1.091,,1.091,1.091,1.091
947,2019-10-23,,,,1.073,,1.073,1.073,1.073
948,2019-10-24,,,,1.07,,1.07,1.07,1.07
949,2019-10-25,,,,1.081,,1.081,1.081,1.081
950,2019-10-28,,,,1.101,,1.101,1.101,1.101
951,2019-10-29,,,,1.1079999999999999,,1.1079999999999999,1.1079999999999999,1.1079999999999999
952,2019-10-30,,,,1.103,,1.103,1.103,1.103
953,2019-10-31,,,,1.112,,1.112,1.112,1.112
954,2019-11-01,,,,1.131,,1.131,1.131,1.131
955,2019-11-04,,,,1.146,,1.146,1.146,1.146
956,2019-11-05,,,,1.147,,1.147,1.147,1.147
957,2019-11-06,,,,1.139,,1.139,1.139,1.139
958,2019-11-07,,,,1.1420000000000001,,1.1420000000000001,1.1420000000000001,1.1420000000000001
959,2019-11-08,,,,1.143,,1.143,1.143,1.143
960,2019-11-11,,,,1.1159999999999999,,1.1159999999999999,1.1159999999999999,1.1159999999999999
961,2019-11-12,,,,1.117,,1.117,1.117,1.117
962,2019-11-13,,,,1.138,,1.138,1.138,1.138
963,2019-11-14,,,,1.145,,1.145,1.145,1.145
964,2019-11-15,,,,1.135,,1.135,1.135,1.135
965,2019-11-18,,,,1.139,,1.139,1.139,1.139
966,2019-11-19,,,,1.155,,1.155,1.155,1.155
967,2019-11-20,,,,1.1540000000000001,,1.1540000000000001,1.1540000000000001,1.1540000000000001
968,2019-11-21,,,,1.141,,1.141,1.141,1.141
969,2019-11-22,,,,1.1,,1.1,1.1,1.1
970,2019-11-25,,,,1.0959999999999999,,1.0959999999999999,1.0959999999999999,1.0959999999999999
971,2019-11-26,,,,1.1059999999999999,,1.1059999999999999,1.1059999999999999,1.1059999999999999
972,2019-11-27,,,,1.102,,1.102,1.102,1.102
973,2019-11-28,,,,1.1,,1.1,1.1,1.1
974,2019-11-29,,,,1.073,,1.073,1.073,1.073
975,2019-12-02,,,,1.071,,1.071,1.071,1.071
976,2019-12-03,,,,1.068,,1.068,1.068,1.068
977,2019-12-04,,,,1.084,,1.084,1.084,1.084
978,2019-12-05,,,,1.095,,1.095,1.095,1.095
979,2019-12-06,,,,1.112,,1.112,1.112,1.112
980,2019-12-09,,,,1.097,,1.097,1.097,1.097
981,2019-12-10,,,,1.1059999999999999,,1.1059999999999999,1.1059999999999999,1.1059999999999999
982,2019-12-11,,,,1.099,,1.099,1.099,1.099
983,2019-12-12,,,,1.097,,1.097,1.097,1.097
984,2019-12-13,,,,1.117,,1.117,1.117,1.117
985,2019-12-16,,,,1.126,,1.126,1.126,1.126
986,2019-12-17,,,,1.1320000000000001,,1.1320000000000001,1.1320000000000001,1.1320000000000001
987,2019-12-18,,,,1.126,,1.126,1.126,1.126
988,2019-12-19,,,,1.124,,1.124,1.124,1.124
989,2019-12-20,,,,1.115,,1.115,1.115,1.115
990,2019-12-23,,,,1.1059999999999999,,1.1059999999999999,1.1059999999999999,1.1059999999999999
991,2019-12-24,,,,1.121,,1.121,1.121,1.121
992,2019-12-25,,,,1.124,,1.124,1.124,1.124
993,2019-12-26,,,,1.13,,1.13,1.13,1.13
994,2019-12-27,,,,1.129,,1.129,1.129,1.129
995,2019-12-30,,,,1.14,,1.14,1.14,1.14
996,2019-12-31,,,,1.15,,1.15,1.15,1.15
997,2020-01-02,,,,1.169,,1.169,1.169,1.169
998,2020-01-03,,,,1.175,,1.175,1.175,1.175
999,2020-01-06,,,,1.175,,1.175,1.175,1.175
1000,2020-01-07,,,,1.193,,1.193,1.193,1.193
1001,2020-01-08,,,,1.178,,1.178,1.178,1.178
1002,2020-01-09,,,,1.194,,1.194,1.194,1.194
1003,2020-01-10,,,,1.196,,1.196,1.196,1.196
1004,2020-01-13,,,,1.208,,1.208,1.208,1.208
1005,2020-01-14,,,,1.21,,1.21,1.21,1.21
1006,2020-01-15,,,,1.202,,1.202,1.202,1.202
1007,2020-01-16,,,,1.199,,1.199,1.199,1.199
1008,2020-01-17,,,,1.2009999999999998,,1.2009999999999998,1.2009999999999998,1.2009999999999998
1009,2020-01-20,,,,1.212,,1.212,1.212,1.212
1010,2020-01-21,,,,1.202,,1.202,1.202,1.202
1011,2020-01-22,,,,1.217,,1.217,1.217,1.217
1012,2020-01-23,,,,1.202,,1.202,1.202,1.202
1013,2020-02-03,,,,1.112,,1.112,1.112,1.112
1014,2020-02-04,,,,1.169,,1.169,1.169,1.169
1015,2020-02-05,,,,1.18,,1.18,1.18,1.18
1016,2020-02-06,,,,1.226,,1.226,1.226,1.226
1017,2020-02-07,,,,1.229,,1.229,1.229,1.229
1018,2020-02-10,,,,1.236,,1.236,1.236,1.236
1019,2020-02-11,,,,1.24,,1.24,1.24,1.24
1020,2020-02-12,,,,1.275,,1.275,1.275,1.275
1021,2020-02-13,,,,1.261,,1.261,1.261,1.261
1022,2020-02-14,,,,1.252,,1.252,1.252,1.252
1023,2020-02-17,,,,1.274,,1.274,1.274,1.274
1024,2020-02-18,,,,1.27,,1.27,1.27,1.27
1025,2020-02-19,,,,1.232,,1.232,1.232,1.232
1026,2020-02-20,,,,1.2409999999999999,,1.2409999999999999,1.2409999999999999,1.2409999999999999
1027,2020-02-21,,,,1.261,,1.261,1.261,1.261
1028,2020-02-24,,,,1.261,,1.261,1.261,1.261
1029,2020-02-25,,,,1.262,,1.262,1.262,1.262
1030,2020-02-26,,,,1.217,,1.217,1.217,1.217
1031,2020-02-27,,,,1.2409999999999999,,1.2409999999999999,1.2409999999999999,1.2409999999999999
1032,2020-02-28,,,,1.194,,1.194,1.194,1.194
1033,2020-03-02,,,,1.208,,1.208,1.208,1.208
1034,2020-03-03,,,,1.217,,1.217,1.217,1.217
1035,2020-03-04,,,,1.213,,1.213,1.213,1.213
1036,2020-03-05,,,,1.234,,1.234,1.234,1.234
1037,2020-03-06,,,,1.229,,1.229,1.229,1.229
1038,2020-03-09,,,,1.168,,1.168,1.168,1.168
1039,2020-03-10,,,,1.194,,1.194,1.194,1.194
1040,2020-03-11,,,,1.1740000000000002,,1.1740000000000002,1.1740000000000002,1.1740000000000002
1041,2020-03-12,,,,1.141,,1.141,1.141,1.141
1042,2020-03-13,,,,1.128,,1.128,1.128,1.128
1043,2020-03-16,,,,1.084,,1.084,1.084,1.084
1044,2020-03-17,,,,1.094,,1.094,1.094,1.094
1045,2020-03-18,,,,1.085,,1.085,1.085,1.085
1046,2020-03-19,,,,1.083,,1.083,1.083,1.083
1047,2020-03-20,,,,1.105,,1.105,1.105,1.105
1048,2020-03-23,,,,1.069,,1.069,1.069,1.069
1049,2020-03-24,,,,1.089,,1.089,1.089,1.089
1050,2020-03-25,,,,1.133,,1.133,1.133,1.133
1051,2020-03-26,,,,1.136,,1.136,1.136,1.136
1052,2020-03-27,,,,1.126,,1.126,1.126,1.126
1053,2020-03-30,,,,1.094,,1.094,1.094,1.094
1054,2020-03-31,,,,1.107,,1.107,1.107,1.107
1055,2020-04-01,,,,1.101,,1.101,1.101,1.101
1056,2020-04-02,,,,1.122,,1.122,1.122,1.122
1057,2020-04-03,,,,1.117,,1.117,1.117,1.117
1058,2020-04-07,,,,1.157,,1.157,1.157,1.157
1059,2020-04-08,,,,1.14,,1.14,1.14,1.14
1060,2020-04-09,,,,1.155,,1.155,1.155,1.155
1061,2020-04-10,,,,1.133,,1.133,1.133,1.133
1062,2020-04-13,,,,1.127,,1.127,1.127,1.127
1063,2020-04-14,,,,1.1640000000000001,,1.1640000000000001,1.1640000000000001,1.1640000000000001
1064,2020-04-15,,,,1.159,,1.159,1.159,1.159
1065,2020-04-16,,,,1.177,,1.177,1.177,1.177
1066,2020-04-17,,,,1.18,,1.18,1.18,1.18
1067,2020-04-20,,,,1.189,,1.189,1.189,1.189
1068,2020-04-21,,,,1.168,,1.168,1.168,1.168
1069,2020-04-22,,,,1.192,,1.192,1.192,1.192
1070,2020-04-23,,,,1.187,,1.187,1.187,1.187
1071,2020-04-24,,,,1.176,,1.176,1.176,1.176
1072,2020-04-27,,,,1.1840000000000002,,1.1840000000000002,1.1840000000000002,1.1840000000000002
1073,2020-04-28,,,,1.2,,1.2,1.2,1.2
1074,2020-04-29,,,,1.192,,1.192,1.192,1.192
1075,2020-04-30,,,,1.196,,1.196,1.196,1.196
1076,2020-05-06,,,,1.205,,1.205,1.205,1.205
1077,2020-05-07,,,,1.228,,1.228,1.228,1.228
1078,2020-05-08,,,,1.2329999999999999,,1.2329999999999999,1.2329999999999999,1.2329999999999999
1079,2020-05-11,,,,1.224,,1.224,1.224,1.224
1080,2020-05-12,,,,1.242,,1.242,1.242,1.242
1081,2020-05-13,,,,1.2570000000000001,,1.2570000000000001,1.2570000000000001,1.2570000000000001
1082,2020-05-14,,,,1.249,,1.249,1.249,1.249
1083,2020-05-15,,,,1.246,,1.246,1.246,1.246
1084,2020-05-18,,,,1.253,,1.253,1.253,1.253
1085,2020-05-19,,,,1.268,,1.268,1.268,1.268
1086,2020-05-20,,,,1.246,,1.246,1.246,1.246
1087,2020-05-21,,,,1.2429999999999999,,1.2429999999999999,1.2429999999999999,1.2429999999999999
1088,2020-05-22,,,,1.212,,1.212,1.212,1.212
1089,2020-05-25,,,,1.219,,1.219,1.219,1.219
1090,2020-05-26,,,,1.244,,1.244,1.244,1.244
1091,2020-05-27,,,,1.225,,1.225,1.225,1.225
1092,2020-05-28,,,,1.222,,1.222,1.222,1.222
1093,2020-05-29,,,,1.254,,1.254,1.254,1.254
1094,2020-06-01,,,,1.29,,1.29,1.29,1.29
1095,2020-06-02,,,,1.266,,1.266,1.266,1.266
1096,2020-06-03,,,,1.265,,1.265,1.265,1.265
1097,2020-06-04,,,,1.2770000000000001,,1.2770000000000001,1.2770000000000001,1.2770000000000001
1098,2020-06-05,,,,1.298,,1.298,1.298,1.298
1099,2020-06-08,,,,1.2790000000000001,,1.2790000000000001,1.2790000000000001,1.2790000000000001
1100,2020-06-09,,,,1.3090000000000002,,1.3090000000000002,1.3090000000000002,1.3090000000000002
1101,2020-06-10,,,,1.325,,1.325,1.325,1.325
1102,2020-06-11,,,,1.3319999999999999,,1.3319999999999999,1.3319999999999999,1.3319999999999999
1103,2020-06-12,,,,1.351,,1.351,1.351,1.351
1104,2020-06-15,,,,1.357,,1.357,1.357,1.357
1105,2020-06-16,,,,1.379,,1.379,1.379,1.379
1106,2020-06-17,,,,1.4,,1.4,1.4,1.4
1107,2020-06-18,,,,1.3940000000000001,,1.3940000000000001,1.3940000000000001,1.3940000000000001
1108,2020-06-19,,,,1.4280000000000002,,1.4280000000000002,1.4280000000000002,1.4280000000000002
1109,2020-06-22,,,,1.4240000000000002,,1.4240000000000002,1.4240000000000002,1.4240000000000002
1110,2020-06-23,,,,1.466,,1.466,1.466,1.466
1111,2020-06-24,,,,1.466,,1.466,1.466,1.466
1112,2020-06-29,,,,1.475,,1.475,1.475,1.475
1113,2020-06-30,,,,1.5019999999999998,,1.5019999999999998,1.5019999999999998,1.5019999999999998
1114,2020-07-01,,,,1.5019999999999998,,1.5019999999999998,1.5019999999999998,1.5019999999999998
1115,2020-07-02,,,,1.499,,1.499,1.499,1.499
1116,2020-07-03,,,,1.508,,1.508,1.508,1.508
1117,2020-07-06,,,,1.535,,1.535,1.535,1.535
1118,2020-07-07,,,,1.581,,1.581,1.581,1.581
1119,2020-07-08,,,,1.591,,1.591,1.591,1.591
1120,2020-07-09,,,,1.64,,1.64,1.64,1.64
1121,2020-07-10,,,,1.65,,1.65,1.65,1.65
1122,2020-07-13,,,,1.689,,1.689,1.689,1.689
1123,2020-07-14,,,,1.6680000000000001,,1.6680000000000001,1.6680000000000001,1.6680000000000001
1124,2020-07-15,,,,1.669,,1.669,1.669,1.669
1125,2020-07-16,,,,1.6,,1.6,1.6,1.6
1126,2020-07-17,,,,1.6280000000000001,,1.6280000000000001,1.6280000000000001,1.6280000000000001
1127,2020-07-20,,,,1.632,,1.632,1.632,1.632
1128,2020-07-21,,,,1.663,,1.663,1.663,1.663
1129,2020-07-22,,,,1.6840000000000002,,1.6840000000000002,1.6840000000000002,1.6840000000000002
1130,2020-07-23,,,,1.689,,1.689,1.689,1.689
1131,2020-07-24,,,,1.599,,1.599,1.599,1.599
1132,2020-07-27,,,,1.591,,1.591,1.591,1.591
1133,2020-07-28,,,,1.617,,1.617,1.617,1.617
1134,2020-07-29,,,,1.6669999999999998,,1.6669999999999998,1.6669999999999998,1.6669999999999998
1135,2020-07-30,,,,1.656,,1.656,1.656,1.656
1136,2020-07-31,,,,1.6780000000000002,,1.6780000000000002,1.6780000000000002,1.6780000000000002
1137,2020-08-03,,,,1.702,,1.702,1.702,1.702
1138,2020-08-04,,,,1.6840000000000002,,1.6840000000000002,1.6840000000000002,1.6840000000000002
1139,2020-08-05,,,,1.695,,1.695,1.695,1.695
1140,2020-08-06,,,,1.665,,1.665,1.665,1.665
1141,2020-08-07,,,,1.641,,1.641,1.641,1.641
1142,2020-08-10,,,,1.636,,1.636,1.636,1.636
1143,2020-08-11,,,,1.621,,1.621,1.621,1.621
1144,2020-08-12,,,,1.599,,1.599,1.599,1.599
1145,2020-08-13,,,,1.599,,1.599,1.599,1.599
1146,2020-08-14,,,,1.619,,1.619,1.619,1.619
1147,2020-08-17,,,,1.6369999999999998,,1.6369999999999998,1.6369999999999998,1.6369999999999998
1148,2020-08-18,,,,1.65,,1.65,1.65,1.65
1149,2020-08-19,,,,1.607,,1.607,1.607,1.607
1150,2020-08-20,,,,1.59,,1.59,1.59,1.59
1151,2020-08-21,,,,1.618,,1.618,1.618,1.618
1152,2020-08-24,,,,1.6380000000000001,,1.6380000000000001,1.6380000000000001,1.6380000000000001
1153,2020-08-25,,,,1.661,,1.661,1.661,1.661
1154,2020-08-26,,,,1.6540000000000001,,1.6540000000000001,1.6540000000000001,1.6540000000000001
1155,2020-08-27,,,,1.671,,1.671,1.671,1.671
1156,2020-08-28,,,,1.719,,1.719,1.719,1.719
1157,2020-08-31,,,,1.706,,1.706,1.706,1.706
1158,2020-09-01,,,,1.712,,1.712,1.712,1.712
1159,2020-09-02,,,,1.716,,1.716,1.716,1.716
1160,2020-09-03,,,,1.7080000000000002,,1.7080000000000002,1.7080000000000002,1.7080000000000002
1161,2020-09-04,,,,1.6909999999999998,,1.6909999999999998,1.6909999999999998,1.6909999999999998
1162,2020-09-07,,,,1.62,,1.62,1.62,1.62
1163,2020-09-08,,,,1.608,,1.608,1.608,1.608
1164,2020-09-09,,,,1.5630000000000002,,1.5630000000000002,1.5630000000000002,1.5630000000000002
1165,2020-09-10,,,,1.5659999999999998,,1.5659999999999998,1.5659999999999998,1.5659999999999998
1166,2020-09-11,,,,1.6030000000000002,,1.6030000000000002,1.6030000000000002,1.6030000000000002
1167,2020-09-14,,,,1.6130000000000002,,1.6130000000000002,1.6130000000000002,1.6130000000000002
1168,2020-09-15,,,,1.625,,1.625,1.625,1.625
1169,2020-09-16,,,,1.609,,1.609,1.609,1.609
1170,2020-09-17,,,,1.598,,1.598,1.598,1.598
1171,2020-09-18,,,,1.621,,1.621,1.621,1.621
1172,2020-09-21,,,,1.61,,1.61,1.61,1.61
1173,2020-09-22,,,,1.599,,1.599,1.599,1.599
1174,2020-09-23,,,,1.633,,1.633,1.633,1.633
1175,2020-09-24,,,,1.601,,1.601,1.601,1.601
1176,2020-09-25,,,,1.605,,1.605,1.605,1.605
1177,2020-09-28,,,,1.605,,1.605,1.605,1.605
1178,2020-09-29,,,,1.626,,1.626,1.626,1.626
1179,2020-09-30,,,,1.629,,1.629,1.629,1.629
1180,2020-10-09,,,,1.681,,1.681,1.681,1.681
1181,2020-10-12,,,,1.715,,1.715,1.715,1.715
1182,2020-10-13,,,,1.715,,1.715,1.715,1.715
1183,2020-10-14,,,,1.699,,1.699,1.699,1.699
1184,2020-10-15,,,,1.685,,1.685,1.685,1.685
1185,2020-10-16,,,,1.671,,1.671,1.671,1.671
1186,2020-10-19,,,,1.6480000000000001,,1.6480000000000001,1.6480000000000001,1.6480000000000001
1187,2020-10-20,,,,1.671,,1.671,1.671,1.671
1188,2020-10-21,,,,1.6469999999999998,,1.6469999999999998,1.6469999999999998,1.6469999999999998
1189,2020-10-22,,,,1.6369999999999998,,1.6369999999999998,1.6369999999999998,1.6369999999999998
1190,2020-10-23,,,,1.58,,1.58,1.58,1.58
1191,2020-10-26,,,,1.5830000000000002,,1.5830000000000002,1.5830000000000002,1.5830000000000002
1192,2020-10-27,,,,1.614,,1.614,1.614,1.614
1193,2020-10-28,,,,1.643,,1.643,1.643,1.643
1194,2020-10-29,,,,1.663,,1.663,1.663,1.663
1195,2020-10-30,,,,1.6540000000000001,,1.6540000000000001,1.6540000000000001,1.6540000000000001
1196,2020-11-02,,,,1.671,,1.671,1.671,1.671
1197,2020-11-03,,,,1.6909999999999998,,1.6909999999999998,1.6909999999999998,1.6909999999999998
1198,2020-11-04,,,,1.706,,1.706,1.706,1.706
1199,2020-11-05,,,,1.729,,1.729,1.729,1.729
1200,2020-11-06,,,,1.715,,1.715,1.715,1.715
1201,2020-11-09,,,,1.76,,1.76,1.76,1.76
1202,2020-11-10,,,,1.73,,1.73,1.73,1.73
1203,2020-11-11,,,,1.671,,1.671,1.671,1.671
1204,2020-11-12,,,,1.69,,1.69,1.69,1.69
1205,2020-11-13,,,,1.679,,1.679,1.679,1.679
1206,2020-11-16,,,,1.686,,1.686,1.686,1.686
1207,2020-11-17,,,,1.6640000000000001,,1.6640000000000001,1.6640000000000001,1.6640000000000001
1208,2020-11-18,,,,1.629,,1.629,1.629,1.629
1209,2020-11-19,,,,1.6469999999999998,,1.6469999999999998,1.6469999999999998,1.6469999999999998
1210,2020-11-20,,,,1.6569999999999998,,1.6569999999999998,1.6569999999999998,1.6569999999999998
1211,2020-11-23,,,,1.661,,1.661,1.661,1.661
1212,2020-11-24,,,,1.651,,1.651,1.651,1.651
1213,2020-11-25,,,,1.615,,1.615,1.615,1.615
1214,2020-11-26,,,,1.6130000000000002,,1.6130000000000002,1.6130000000000002,1.6130000000000002
1215,2020-11-27,,,,1.629,,1.629,1.629,1.629
1216,2020-11-30,,,,1.636,,1.636,1.636,1.636
1217,2020-12-01,,,,1.666,,1.666,1.666,1.666
1218,2020-12-02,,,,1.659,,1.659,1.659,1.659
1219,2020-12-03,,,,1.6640000000000001,,1.6640000000000001,1.6640000000000001,1.6640000000000001
1220,2020-12-04,,,,1.679,,1.679,1.679,1.679
1221,2020-12-07,,,,1.683,,1.683,1.683,1.683
1222,2020-12-08,,,,1.6869999999999998,,1.6869999999999998,1.6869999999999998,1.6869999999999998
1223,2020-12-09,,,,1.671,,1.671,1.671,1.671
1224,2020-12-10,,,,1.686,,1.686,1.686,1.686
1225,2020-12-11,,,,1.6769999999999998,,1.6769999999999998,1.6769999999999998,1.6769999999999998
1226,2020-12-14,,,,1.7069999999999999,,1.7069999999999999,1.7069999999999999,1.7069999999999999
1227,2020-12-15,,,,1.705,,1.705,1.705,1.705
1228,2020-12-16,,,,1.723,,1.723,1.723,1.723
1229,2020-12-17,,,,1.7469999999999999,,1.7469999999999999,1.7469999999999999,1.7469999999999999
1230,2020-12-18,,,,1.74,,1.74,1.74,1.74
1231,2020-12-21,,,,1.7730000000000001,,1.7730000000000001,1.7730000000000001,1.7730000000000001
1232,2020-12-22,,,,1.7530000000000001,,1.7530000000000001,1.7530000000000001,1.7530000000000001
1233,2020-12-23,,,,1.77,,1.77,1.77,1.77
1234,2020-12-24,,,,1.751,,1.751,1.751,1.751
1235,2020-12-25,,,,1.7530000000000001,,1.7530000000000001,1.7530000000000001,1.7530000000000001
1236,2020-12-28,,,,1.766,,1.766,1.766,1.766
1237,2020-12-29,,,,1.761,,1.761,1.761,1.761
1238,2020-12-30,,,,1.808,,1.808,1.808,1.808
1239,2020-12-31,,,,1.8419999999999999,,1.8419999999999999,1.8419999999999999,1.8419999999999999
1240,2021-01-04,,,,1.9069999999999998,,1.9069999999999998,1.9069999999999998,1.9069999999999998
1241,2021-01-05,,,,1.953,,1.953,1.953,1.953
1242,2021-01-06,,,,1.966,,1.966,1.966,1.966
1243,2021-01-07,,,,1.982,,1.982,1.982,1.982
1244,2021-01-08,,,,1.944,,1.944,1.944,1.944
1245,2021-01-11,,,,1.932,,1.932,1.932,1.932
1246,2021-01-12,,,,1.99,,1.99,1.99,1.99
1247,2021-01-13,,,,1.95,,1.95,1.95,1.95
1248,2021-01-14,,,,1.906,,1.906,1.906,1.906
1249,2021-01-15,,,,1.9,,1.9,1.9,1.9
1250,2021-01-18,,,,1.9280000000000002,,1.9280000000000002,1.9280000000000002,1.9280000000000002
1251,2021-01-19,,,,1.9080000000000001,,1.9080000000000001,1.9080000000000001,1.9080000000000001
1252,2021-01-20,,,,1.952,,1.952,1.952,1.952
1253,2021-01-21,,,,1.994,,1.994,1.994,1.994
1254,2021-01-22,,,,2.035,,2.035,2.035,2.035
1255,2021-01-25,,,,2.093,,2.093,2.093,2.093
1256,2021-01-26,,,,2.017,,2.017,2.017,2.017
1257,2021-01-27,,,,2.022,,2.022,2.022,2.022
1258,2021-01-28,,,,1.945,,1.945,1.945,1.945
1259,2021-01-29,,,,1.942,,1.942,1.942,1.942
1260,2021-02-01,,,,1.953,,1.953,1.953,1.953
1261,2021-02-02,,,,2.024,,2.024,2.024,2.024
1262,2021-02-03,,,,2.031,,2.031,2.031,2.031
1263,2021-02-04,,,,1.999,,1.999,1.999,1.999
1264,2021-02-05,,,,1.995,,1.995,1.995,1.995
1265,2021-02-08,,,,2.041,,2.041,2.041,2.041
1266,2021-02-09,,,,2.0709999999999997,,2.0709999999999997,2.0709999999999997,2.0709999999999997
1267,2021-02-10,,,,2.1180000000000003,,2.1180000000000003,2.1180000000000003,2.1180000000000003
1268,2021-02-18,,,,2.0380000000000003,,2.0380000000000003,2.0380000000000003,2.0380000000000003
1269,2021-02-19,,,,2.0269999999999997,,2.0269999999999997,2.0269999999999997,2.0269999999999997
1270,2021-02-22,,,,1.91,,1.91,1.91,1.91
1271,2021-02-23,,,,1.912,,1.912,1.912,1.912
1272,2021-02-24,,,,1.827,,1.827,1.827,1.827
1273,2021-02-25,,,,1.821,,1.821,1.821,1.821
1274,2021-02-26,,,,1.785,,1.785,1.785,1.785
1275,2021-03-01,,,,1.839,,1.839,1.839,1.839
1276,2021-03-02,,,,1.815,,1.815,1.815,1.815
1277,2021-03-03,,,,1.849,,1.849,1.849,1.849
1278,2021-03-04,,,,1.7519999999999998,,1.7519999999999998,1.7519999999999998,1.7519999999999998
1279,2021-03-05,,,,1.7480000000000002,,1.7480000000000002,1.7480000000000002,1.7480000000000002
1280,2021-03-08,,,,1.651,,1.651,1.651,1.651
1281,2021-03-09,,,,1.611,,1.611,1.611,1.611
1282,2021-03-10,,,,1.666,,1.666,1.666,1.666
1283,2021-03-11,,,,1.72,,1.72,1.72,1.72
1284,2021-03-12,,,,1.7280000000000002,,1.7280000000000002,1.7280000000000002,1.7280000000000002
1285,2021-03-15,,,,1.6280000000000001,,1.6280000000000001,1.6280000000000001,1.6280000000000001
1286,2021-03-16,,,,1.6469999999999998,,1.6469999999999998,1.6469999999999998,1.6469999999999998
1287,2021-03-17,,,,1.68,,1.68,1.68,1.68
1288,2021-03-18,,,,1.705,,1.705,1.705,1.705
1289,2021-03-19,,,,1.6540000000000001,,1.6540000000000001,1.6540000000000001,1.6540000000000001
1290,2021-03-22,,,,1.649,,1.649,1.649,1.649
1291,2021-03-23,,,,1.643,,1.643,1.643,1.643
1292,2021-03-24,,,,1.621,,1.621,1.621,1.621
1293,2021-03-25,,,,1.643,,1.643,1.643,1.643
1294,2021-03-26,,,,1.71,,1.71,1.71,1.71
1295,2021-03-29,,,,1.723,,1.723,1.723,1.723
1296,2021-03-30,,,,1.758,,1.758,1.758,1.758
1297,2021-03-31,,,,1.734,,1.734,1.734,1.734
1298,2021-04-01,,,,1.7990000000000002,,1.7990000000000002,1.7990000000000002,1.7990000000000002
1299,2021-04-02,,,,1.85,,1.85,1.85,1.85
1300,2021-04-06,,,,1.831,,1.831,1.831,1.831
1301,2021-04-07,,,,1.7930000000000001,,1.7930000000000001,1.7930000000000001,1.7930000000000001
1302,2021-04-08,,,,1.814,,1.814,1.814,1.814
1303,2021-04-09,,,,1.778,,1.778,1.778,1.778
1304,2021-04-12,,,,1.755,,1.755,1.755,1.755
1305,2021-04-13,,,,1.7519999999999998,,1.7519999999999998,1.7519999999999998,1.7519999999999998
1306,2021-04-14,,,,1.785,,1.785,1.785,1.785
1307,2021-04-15,,,,1.77,,1.77,1.77,1.77
1308,2021-04-16,,,,1.77,,1.77,1.77,1.77
1309,2021-04-19,,,,1.82,,1.82,1.82,1.82
1310,2021-04-20,,,,1.834,,1.834,1.834,1.834
1311,2021-04-21,,,,1.8519999999999999,,1.8519999999999999,1.8519999999999999,1.8519999999999999
1312,2021-04-22,,,,1.8619999999999999,,1.8619999999999999,1.8619999999999999,1.8619999999999999
1313,2021-04-23,,,,1.903,,1.903,1.903,1.903
1314,2021-04-26,,,,1.8840000000000001,,1.8840000000000001,1.8840000000000001,1.8840000000000001
1315,2021-04-27,,,,1.9180000000000001,,1.9180000000000001,1.9180000000000001,1.9180000000000001
1316,2021-04-28,,,,1.9580000000000002,,1.9580000000000002,1.9580000000000002,1.9580000000000002
1317,2021-04-29,,,,1.9569999999999999,,1.9569999999999999,1.9569999999999999,1.9569999999999999
1318,2021-04-30,,,,1.956,,1.956,1.956,1.956
1319,2021-05-06,,,,1.903,,1.903,1.903,1.903
1320,2021-05-07,,,,1.834,,1.834,1.834,1.834
1321,2021-05-10,,,,1.839,,1.839,1.839,1.839
1322,2021-05-11,,,,1.864,,1.864,1.864,1.864
1323,2021-05-12,,,,1.8840000000000001,,1.8840000000000001,1.8840000000000001,1.8840000000000001
1324,2021-05-13,,,,1.876,,1.876,1.876,1.876
1325,2021-05-14,,,,1.912,,1.912,1.912,1.912
1326,2021-05-17,,,,1.9769999999999999,,1.9769999999999999,1.9769999999999999,1.9769999999999999
1327,2021-05-18,,,,1.964,,1.964,1.964,1.964
1328,2021-05-19,,,,1.975,,1.975,1.975,1.975
1329,2021-05-20,,,,1.989,,1.989,1.989,1.989
1330,2021-05-21,,,,1.955,,1.955,1.955,1.955
1331,2021-05-24,,,,1.9709999999999999,,1.9709999999999999,1.9709999999999999,1.9709999999999999
1332,2021-05-25,,,,2.049,,2.049,2.049,2.049
1333,2021-05-26,,,,2.022,,2.022,2.022,2.022
1334,2021-05-27,,,,2.04,,2.04,2.04,2.04
1335,2021-05-28,,,,2.022,,2.022,2.022,2.022
1336,2021-05-31,,,,2.055,,2.055,2.055,2.055
1337,2021-06-01,,,,2.063,,2.063,2.063,2.063
1338,2021-06-02,,,,2.033,,2.033,2.033,2.033
1339,2021-06-03,,,,2.017,,2.017,2.017,2.017
1340,2021-06-04,,,,2.032,,2.032,2.032,2.032
1341,2021-06-07,,,,2.015,,2.015,2.015,2.015
1342,2021-06-08,,,,1.975,,1.975,1.975,1.975
1343,2021-06-09,,,,1.973,,1.973,1.973,1.973
1344,2021-06-10,,,,2.006,,2.006,2.006,2.006
1345,2021-06-11,,,,2.016,,2.016,2.016,2.016
1346,2021-06-15,,,,2.003,,2.003,2.003,2.003
1347,2021-06-16,,,,1.93,,1.93,1.93,1.93
1348,2021-06-17,,,,1.963,,1.963,1.963,1.963
1349,2021-06-18,,,,1.9669999999999999,,1.9669999999999999,1.9669999999999999,1.9669999999999999
1350,2021-06-21,,,,1.986,,1.986,1.986,1.986
1351,2021-06-22,,,,2.0069999999999997,,2.0069999999999997,2.0069999999999997,2.0069999999999997
1352,2021-06-23,,,,2.025,,2.025,2.025,2.025
1353,2021-06-24,,,,1.9969999999999999,,1.9969999999999999,1.9969999999999999,1.9969999999999999
1354,2021-06-25,,,,2.0469999999999997,,2.0469999999999997,2.0469999999999997,2.0469999999999997
1355,2021-06-28,,,,2.08,,2.08,2.08,2.08
1356,2021-06-29,,,,2.074,,2.074,2.074,2.074
1357,2021-06-30,,,,2.113,,2.113,2.113,2.113
1358,2021-07-01,,,,2.1390000000000002,,2.1390000000000002,2.1390000000000002,2.1390000000000002
1359,2021-07-02,,,,2.051,,2.051,2.051,2.051
1360,2021-07-05,,,,2.075,,2.075,2.075,2.075
1361,2021-07-06,,,,2.0380000000000003,,2.0380000000000003,2.0380000000000003,2.0380000000000003
1362,2021-07-07,,,,2.093,,2.093,2.093,2.093
1363,2021-07-08,,,,2.0780000000000003,,2.0780000000000003,2.0780000000000003,2.0780000000000003
1364,2021-07-09,,,,2.065,,2.065,2.065,2.065
1365,2021-07-12,,,,2.145,,2.145,2.145,2.145
1366,2021-07-13,,,,2.148,,2.148,2.148,2.148
1367,2021-07-14,,,,2.1590000000000003,,2.1590000000000003,2.1590000000000003,2.1590000000000003
1368,2021-07-15,,,,2.184,,2.184,2.184,2.184
1369,2021-07-16,,,,2.129,,2.129,2.129,2.129
1370,2021-07-19,,,,2.141,,2.141,2.141,2.141
1371,2021-07-20,,,,2.1590000000000003,,2.1590000000000003,2.1590000000000003,2.1590000000000003
1372,2021-07-21,,,,2.209,,2.209,2.209,2.209
1373,2021-07-22,,,,2.1719999999999997,,2.1719999999999997,2.1719999999999997,2.1719999999999997
1374,2021-07-23,,,,2.104,,2.104,2.104,2.104
1375,2021-07-26,,,,2.0069999999999997,,2.0069999999999997,2.0069999999999997,2.0069999999999997
1376,2021-07-27,,,,1.922,,1.922,1.922,1.922
1377,2021-07-28,,,,1.959,,1.959,1.959,1.959
1378,2021-07-29,,,,2.0380000000000003,,2.0380000000000003,2.0380000000000003,2.0380000000000003
1379,2021-07-30,,,,2.002,,2.002,2.002,2.002
1380,2021-08-02,,,,2.013,,2.013,2.013,2.013
1381,2021-08-03,,,,2.005,,2.005,2.005,2.005
1382,2021-08-04,,,,2.053,,2.053,2.053,2.053
1383,2021-08-05,,,,2.028,,2.028,2.028,2.028
1384,2021-08-06,,,,2.003,,2.003,2.003,2.003
1385,2021-08-09,,,,1.9809999999999999,,1.9809999999999999,1.9809999999999999,1.9809999999999999
1386,2021-08-10,,,,1.9769999999999999,,1.9769999999999999,1.9769999999999999,1.9769999999999999
1387,2021-08-11,,,,1.963,,1.963,1.963,1.963
1388,2021-08-12,,,,1.95,,1.95,1.95,1.95
1389,2021-08-13,,,,1.953,,1.953,1.953,1.953
1390,2021-08-16,,,,1.926,,1.926,1.926,1.926
1391,2021-08-17,,,,1.8719999999999999,,1.8719999999999999,1.8719999999999999,1.8719999999999999
1392,2021-08-18,,,,1.88,,1.88,1.88,1.88
1393,2021-08-19,,,,1.922,,1.922,1.922,1.922
1394,2021-08-20,,,,1.89,,1.89,1.89,1.89
1395,2021-08-23,,,,1.94,,1.94,1.94,1.94
1396,2021-08-24,,,,1.9680000000000002,,1.9680000000000002,1.9680000000000002,1.9680000000000002
1397,2021-08-25,,,,1.969,,1.969,1.969,1.969
1398,2021-08-26,,,,1.92,,1.92,1.92,1.92
1399,2021-08-27,,,,1.935,,1.935,1.935,1.935
1400,2021-08-30,,,,1.933,,1.933,1.933,1.933
1401,2021-08-31,,,,1.903,,1.903,1.903,1.903
1402,2021-09-01,,,,1.886,,1.886,1.886,1.886
1403,2021-09-02,,,,1.829,,1.829,1.829,1.829
1404,2021-09-03,,,,1.801,,1.801,1.801,1.801
1405,2021-09-06,,,,1.8619999999999999,,1.8619999999999999,1.8619999999999999,1.8619999999999999
1406,2021-09-07,,,,1.8769999999999998,,1.8769999999999998,1.8769999999999998,1.8769999999999998
1407,2021-09-08,,,,1.838,,1.838,1.838,1.838
1408,2021-09-09,,,,1.8319999999999999,,1.8319999999999999,1.8319999999999999,1.8319999999999999
1409,2021-09-10,,,,1.85,,1.85,1.85,1.85
1410,2021-09-13,,,,1.821,,1.821,1.821,1.821
1411,2021-09-14,,,,1.8259999999999998,,1.8259999999999998,1.8259999999999998,1.8259999999999998
1412,2021-09-15,,,,1.804,,1.804,1.804,1.804
1413,2021-09-16,,,,1.7790000000000001,,1.7790000000000001,1.7790000000000001,1.7790000000000001
1414,2021-09-17,,,,1.819,,1.819,1.819,1.819
1415,2021-09-22,,,,1.8019999999999998,,1.8019999999999998,1.8019999999999998,1.8019999999999998
1416,2021-09-23,,,,1.819,,1.819,1.819,1.819
1417,2021-09-24,,,,1.849,,1.849,1.849,1.849
1418,2021-09-27,,,,1.8840000000000001,,1.8840000000000001,1.8840000000000001,1.8840000000000001
1419,2021-09-28,,,,1.861,,1.861,1.861,1.861
1420,2021-09-29,,,,1.8359999999999999,,1.8359999999999999,1.8359999999999999,1.8359999999999999
1421,2021-09-30,,,,1.879,,1.879,1.879,1.879
1422,2021-10-08,,,,1.8869999999999998,,1.8869999999999998,1.8869999999999998,1.8869999999999998
1423,2021-10-11,,,,1.871,,1.871,1.871,1.871
1424,2021-10-12,,,,1.847,,1.847,1.847,1.847
1425,2021-10-13,,,,1.913,,1.913,1.913,1.913
1426,2021-10-14,,,,1.916,,1.916,1.916,1.916
1427,2021-10-15,,,,1.9240000000000002,,1.9240000000000002,1.9240000000000002,1.9240000000000002
1428,2021-10-18,,,,1.8940000000000001,,1.8940000000000001,1.8940000000000001,1.8940000000000001
1429,2021-10-19,,,,1.915,,1.915,1.915,1.915
1430,2021-10-20,,,,1.916,,1.916,1.916,1.916
1431,2021-10-21,,,,1.905,,1.905,1.905,1.905
1432,2021-10-22,,,,1.9269999999999998,,1.9269999999999998,1.9269999999999998,1.9269999999999998
1433,2021-10-25,,,,1.929,,1.929,1.929,1.929
1434,2021-10-26,,,,1.929,,1.929,1.929,1.929
1435,2021-10-27,,,,1.9080000000000001,,1.9080000000000001,1.9080000000000001,1.9080000000000001
1436,2021-10-28,,,,1.903,,1.903,1.903,1.903
1437,2021-10-29,,,,1.925,,1.925,1.925,1.925
1438,2021-11-01,,,,1.906,,1.906,1.906,1.906
1439,2021-11-02,,,,1.925,,1.925,1.925,1.925
1440,2021-11-03,,,,1.909,,1.909,1.909,1.909
1441,2021-11-04,,,,1.9369999999999998,,1.9369999999999998,1.9369999999999998,1.9369999999999998
1442,2021-11-05,,,,1.9480000000000002,,1.9480000000000002,1.9480000000000002,1.9480000000000002
1443,2021-11-08,,,,1.966,,1.966,1.966,1.966
1444,2021-11-09,,,,1.973,,1.973,1.973,1.973
1445,2021-11-10,,,,1.949,,1.949,1.949,1.949
1446,2021-11-11,,,,1.965,,1.965,1.965,1.965
1447,2021-11-12,,,,1.95,,1.95,1.95,1.95
1448,2021-11-15,,,,1.9480000000000002,,1.9480000000000002,1.9480000000000002,1.9480000000000002
1449,2021-11-16,,,,1.96,,1.96,1.96,1.96
1450,2021-11-17,,,,1.9809999999999999,,1.9809999999999999,1.9809999999999999,1.9809999999999999
1451,2021-11-18,,,,1.955,,1.955,1.955,1.955
1452,2021-11-19,,,,1.97,,1.97,1.97,1.97
1453,2021-11-22,,,,2.031,,2.031,2.031,2.031
1454,2021-11-23,,,,2.042,,2.042,2.042,2.042
1455,2021-11-24,,,,2.032,,2.032,2.032,2.032
1456,2021-11-25,,,,2.011,,2.011,2.011,2.011
1457,2021-11-26,,,,2.0069999999999997,,2.0069999999999997,2.0069999999999997,2.0069999999999997
1458,2021-11-29,,,,2.028,,2.028,2.028,2.028
1459,2021-11-30,,,,2.04,,2.04,2.04,2.04
1460,2021-12-01,,,,2.032,,2.032,2.032,2.032
1461,2021-12-02,,,,2.023,,2.023,2.023,2.023
1462,2021-12-03,,,,2.061,,2.061,2.061,2.061
1463,2021-12-06,,,,2.0140000000000002,,2.0140000000000002,2.0140000000000002,2.0140000000000002
1464,2021-12-07,,,,1.984,,1.984,1.984,1.984
1465,2021-12-08,,,,2.019,,2.019,2.019,2.019
1466,2021-12-09,,,,2.035,,2.035,2.035,2.035
1467,2021-12-10,,,,2.0380000000000003,,2.0380000000000003,2.0380000000000003,2.0380000000000003
1468,2021-12-13,,,,2.053,,2.053,2.053,2.053
1469,2021-12-14,,,,2.045,,2.045,2.045,2.045
1470,2021-12-15,,,,2.02,,2.02,2.02,2.02
1471,2021-12-16,,,,2.041,,2.041,2.041,2.041
1472,2021-12-17,,,,2.004,,2.004,2.004,2.004
1473,2021-12-20,,,,1.946,,1.946,1.946,1.946
1474,2021-12-21,,,,1.984,,1.984,1.984,1.984
1475,2021-12-22,,,,1.996,,1.996,1.996,1.996
1476,2021-12-23,,,,2.0,,2.0,2.0,2.0
1477,2021-12-24,,,,1.9880000000000002,,1.9880000000000002,1.9880000000000002,1.9880000000000002
1478,2021-12-27,,,,1.9780000000000002,,1.9780000000000002,1.9780000000000002,1.9780000000000002
1479,2021-12-28,,,,2.001,,2.001,2.001,2.001
1480,2021-12-29,,,,1.965,,1.965,1.965,1.965
1481,2021-12-30,,,,1.9909999999999999,,1.9909999999999999,1.9909999999999999,1.9909999999999999
1482,2021-12-31,,,,2.006,,2.006,2.006,2.006
1483,2022-01-04,,,,1.995,,1.995,1.995,1.995
1484,2022-01-05,,,,1.962,,1.962,1.962,1.962
1485,2022-01-06,,,,1.939,,1.939,1.939,1.939
1486,2022-01-07,,,,1.9080000000000001,,1.9080000000000001,1.9080000000000001,1.9080000000000001
1487,2022-01-10,,,,1.9080000000000001,,1.9080000000000001,1.9080000000000001,1.9080000000000001
1488,2022-01-11,,,,1.855,,1.855,1.855,1.855
1489,2022-01-12,,,,1.883,,1.883,1.883,1.883
1490,2022-01-13,,,,1.838,,1.838,1.838,1.838
1491,2022-01-14,,,,1.839,,1.839,1.839,1.839
1492,2022-01-17,,,,1.874,,1.874,1.874,1.874
1493,2022-01-18,,,,1.881,,1.881,1.881,1.881
1494,2022-01-19,,,,1.841,,1.841,1.841,1.841
1495,2022-01-20,,,,1.83,,1.83,1.83,1.83
1496,2022-01-21,,,,1.807,,1.807,1.807,1.807
1497,2022-01-24,,,,1.8159999999999998,,1.8159999999999998,1.8159999999999998,1.8159999999999998
1498,2022-01-25,,,,1.767,,1.767,1.767,1.767
1499,2022-01-26,,,,1.777,,1.777,1.777,1.777
1500,2022-01-27,,,,1.7380000000000002,,1.7380000000000002,1.7380000000000002,1.7380000000000002
1501,2022-01-28,,,,1.7180000000000002,,1.7180000000000002,1.7180000000000002,1.7180000000000002
1502,2022-02-07,,,,1.724,,1.724,1.724,1.724
1503,2022-02-08,,,,1.69,,1.69,1.69,1.69
1504,2022-02-09,,,,1.735,,1.735,1.735,1.735
1505,2022-02-10,,,,1.733,,1.733,1.733,1.733
1506,2022-02-11,,,,1.713,,1.713,1.713,1.713
1507,2022-02-14,,,,1.719,,1.719,1.719,1.719
1508,2022-02-15,,,,1.757,,1.757,1.757,1.757
1509,2022-02-16,,,,1.764,,1.764,1.764,1.764
1510,2022-02-17,,,,1.774,,1.774,1.774,1.774
1511,2022-02-18,,,,1.774,,1.774,1.774,1.774
1512,2022-02-21,,,,1.764,,1.764,1.764,1.764
1513,2022-02-22,,,,1.755,,1.755,1.755,1.755
1514,2022-02-23,,,,1.8030000000000002,,1.8030000000000002,1.8030000000000002,1.8030000000000002
1515,2022-02-24,,,,1.761,,1.761,1.761,1.761
1516,2022-02-25,,,,1.79,,1.79,1.79,1.79
1517,2022-02-28,,,,1.791,,1.791,1.791,1.791
1518,2022-03-01,,,,1.8,,1.8,1.8,1.8
1519,2022-03-02,,,,1.775,,1.775,1.775,1.775
1520,2022-03-03,,,,1.7380000000000002,,1.7380000000000002,1.7380000000000002,1.7380000000000002
1521,2022-03-04,,,,1.7269999999999999,,1.7269999999999999,1.7269999999999999,1.7269999999999999
1522,2022-03-07,,,,1.6669999999999998,,1.6669999999999998,1.6669999999999998,1.6669999999999998
1523,2022-03-08,,,,1.6380000000000001,,1.6380000000000001,1.6380000000000001,1.6380000000000001
1524,2022-03-09,,,,1.63,,1.63,1.63,1.63
1525,2022-03-10,,,,1.672,,1.672,1.672,1.672
1526,2022-03-11,,,,1.663,,1.663,1.663,1.663
1527,2022-03-14,,,,1.601,,1.601,1.601,1.601
1528,2022-03-15,,,,1.56,,1.56,1.56,1.56
1529,2022-03-16,,,,1.619,,1.619,1.619,1.619
1530,2022-03-17,,,,1.6540000000000001,,1.6540000000000001,1.6540000000000001,1.6540000000000001
1531,2022-03-18,,,,1.646,,1.646,1.646,1.646
1532,2022-03-21,,,,1.6540000000000001,,1.6540000000000001,1.6540000000000001,1.6540000000000001
1533,2022-03-22,,,,1.646,,1.646,1.646,1.646
1534,2022-03-23,,,,1.653,,1.653,1.653,1.653
1535,2022-03-24,,,,1.6269999999999998,,1.6269999999999998,1.6269999999999998,1.6269999999999998
1536,2022-03-25,,,,1.589,,1.589,1.589,1.589
1537,2022-03-28,,,,1.564,,1.564,1.564,1.564
1538,2022-03-29,,,,1.555,,1.555,1.555,1.555
1539,2022-03-30,,,,1.61,,1.61,1.61,1.61
1540,2022-03-31,,,,1.585,,1.585,1.585,1.585
1541,2022-04-01,,,,1.6130000000000002,,1.6130000000000002,1.6130000000000002,1.6130000000000002
1542,2022-04-06,,,,1.584,,1.584,1.584,1.584
1543,2022-04-07,,,,1.567,,1.567,1.567,1.567
1544,2022-04-08,,,,1.555,,1.555,1.555,1.555
1545,2022-04-11,,,,1.493,,1.493,1.493,1.493
1546,2022-04-12,,,,1.541,,1.541,1.541,1.541
1547,2022-04-13,,,,1.5219999999999998,,1.5219999999999998,1.5219999999999998,1.5219999999999998
1548,2022-04-14,,,,1.571,,1.571,1.571,1.571
1549,2022-04-15,,,,1.5730000000000002,,1.5730000000000002,1.5730000000000002,1.5730000000000002
1550,2022-04-18,,,,1.577,,1.577,1.577,1.577
1551,2022-04-19,,,,1.557,,1.557,1.557,1.557
1552,2022-04-20,,,,1.555,,1.555,1.555,1.555
1553,2022-04-21,,,,1.525,,1.525,1.525,1.525
1554,2022-04-22,,,,1.52,,1.52,1.52,1.52
1555,2022-04-25,,,,1.444,,1.444,1.444,1.444
1556,2022-04-26,,,,1.443,,1.443,1.443,1.443
1557,2022-04-27,,,,1.5030000000000001,,1.5030000000000001,1.5030000000000001,1.5030000000000001
1558,2022-04-28,,,,1.5130000000000001,,1.5130000000000001,1.5130000000000001,1.5130000000000001
1559,2022-04-29,,,,1.5490000000000002,,1.5490000000000002,1.5490000000000002,1.5490000000000002
1560,2022-05-05,,,,1.537,,1.537,1.537,1.537
1561,2022-05-06,,,,1.4909999999999999,,1.4909999999999999,1.4909999999999999,1.4909999999999999
1562,2022-05-09,,,,1.472,,1.472,1.472,1.472
1563,2022-05-10,,,,1.515,,1.515,1.515,1.515
1564,2022-05-11,,,,1.551,,1.551,1.551,1.551
1565,2022-05-12,,,,1.5530000000000002,,1.5530000000000002,1.5530000000000002,1.5530000000000002
1566,2022-05-13,,,,1.555,,1.555,1.555,1.555
